,Unnamed: 0,ID,splcolor_text,splshape_text,product_code,medicine_name,dosage_form,splimage,splimprint,original_name,num_colors,num_imprints,image_path,shape_label,color_label
1142,2645,23254,BROWN,ROUND,51293-802,PHENAZOPYRIDINE HYDROCHLORIDE,C42998,51293-0802-01_NLMIMAGE10_814140FA,AN;2,51293-0802-01_NLMIMAGE10_814140FA.jpg,1,2.0,data/pillbox_production_images_full_202008/51293-0802-01_NLMIMAGE10_814140FA.jpg,10,2
6978,1551,35079,BLUE,ROUND,0378-0047,METOPROLOL TARTRATE,C42931,003780047,M;47,003780047.jpg,1,2.0,data/pillbox_production_images_full_202008/003780047.jpg,10,1
3765,1001,42579,WHITE,ROUND,0054-0052,ZIDOVUDINE,C42998,000540052,54;777,000540052.jpg,1,2.0,data/pillbox_production_images_full_202008/000540052.jpg,10,10
1677,1272,28934,RED,CAPSULE,0378-2047,TACROLIMUS,C25158,003782047,MYLAN;2047,003782047.jpg,2,2.0,data/pillbox_production_images_full_202008/003782047.jpg,1,8
3539,3193,17813,YELLOW,OVAL,13811-515,VOL-CARE RX,C42897,13811-0515-10_NLMIMAGE10_173D0B88,TL515,13811-0515-10_NLMIMAGE10_173D0B88.jpg,1,1.0,data/pillbox_production_images_full_202008/13811-0515-10_NLMIMAGE10_173D0B88.jpg,7,11
4840,9423,7505,WHITE,RECTANGLE,42291-682,PRAMIPEXOLE DIHYDROCHLORIDE,C42998,422910682,P;P;4;4,422910682.jpg,1,4.0,data/pillbox_production_images_full_202008/422910682.jpg,9,10
7096,5179,24550,WHITE,OVAL,51285-424,AYGESTIN,C42998,512850424,5;AYGESTIN;b;424,512850424.jpg,1,4.0,data/pillbox_production_images_full_202008/512850424.jpg,7,10
6648,9552,15859,GRAY,ROUND,68084-607,PERPHENAZINE,C42931,8_MG_PERPHENAZINE_TABLET,4942;V,8_mg_Perphenazine_Tablet.jpg,1,2.0,data/pillbox_production_images_full_202008/8_mg_Perphenazine_Tablet.jpg,10,3
1915,2882,35786,WHITE,CAPSULE,60505-1329,METFORMIN HYDROCHLORIDE,C42927,605051329,APO;XR750,605051329.jpg,1,2.0,data/pillbox_production_images_full_202008/605051329.jpg,1,10
7725,217,20815,GRAY,OVAL,0228-2637,GABAPENTIN,C42931,002282637,R;637,002282637.jpg,1,2.0,data/pillbox_production_images_full_202008/002282637.jpg,7,3
5111,4889,48303,WHITE,CAPSULE,60505-3145,CEVIMELINE HYDROCHLORIDE,C25158,60505-3145-01_NLMIMAGE10_F13AF8E7,APO;C30,60505-3145-01_NLMIMAGE10_F13AF8E7.jpg,2,2.0,data/pillbox_production_images_full_202008/60505-3145-01_NLMIMAGE10_F13AF8E7.jpg,1,10
7613,1748,1935,YELLOW,CAPSULE,62756-185,OXCARBAZEPINE,C42931,62756-0185-88_BE085F22,185,62756-0185-88_BE085F22.jpg,1,1.0,data/pillbox_production_images_full_202008/62756-0185-88_BE085F22.jpg,1,11
251,8874,43536,WHITE,ROUND,0009-0388,DELTASONE,C42998,000090388,Deltasone;50,000090388.jpg,1,2.0,data/pillbox_production_images_full_202008/000090388.jpg,10,10
1244,5707,2487,WHITE,ROUND,0603-5763,SPIRONOLACTONE,C42931,006035763,5880;V,006035763.jpg,1,2.0,data/pillbox_production_images_full_202008/006035763.jpg,10,10
7579,1294,1899,YELLOW,ROUND,0280-2055,CORASPIRINA 81 MG TABLETAS CON CUBIERTA ENTERICA,C42897,NO_PRODUCT_IMAGE,81,no_product_image.jpg,1,1.0,data/pillbox_production_images_full_202008/no_product_image.jpg,10,11
3708,6469,63176,WHITE,CAPSULE,50090-3332,FLUOXETINE,C25158,50111064801,PLIVA;648,50111064801.jpg,1,2.0,data/pillbox_production_images_full_202008/50111064801.jpg,1,10
6429,1096,40001,GREEN,OVAL,0378-0541,CIMETIDINE,C42931,003780541,M;541,003780541.jpg,1,2.0,data/pillbox_production_images_full_202008/003780541.jpg,7,4
6576,8239,25331,BLUE,CAPSULE,62037-560,POTASSIUM CHLORIDE,C42916,62037-0560-05_F50E7AE3,Logo;560,62037-0560-05_F50E7AE3.jpg,1,2.0,data/pillbox_production_images_full_202008/62037-0560-05_F50E7AE3.jpg,1,1
6329,8062,10755,ORANGE,CAPSULE,30698-144,ROCALTROL,C42936,306980144,R50,306980144.jpg,1,1.0,data/pillbox_production_images_full_202008/306980144.jpg,1,5
315,1808,23580,WHITE,ROUND,0555-9066,ARANELLE,C42998,00555906667PART2OF3,b;342,00555906667part2of3.jpg,1,2.0,data/pillbox_production_images_full_202008/00555906667part2of3.jpg,10,10
7259,3912,26570,GREEN,ROUND,0115-4233,MIDODRINE HYDROCHLORIDE,C42998,00115-4233-01_NLMIMAGE10_923E4952,G;423,00115-4233-01_NLMIMAGE10_923E4952.jpg,1,2.0,data/pillbox_production_images_full_202008/00115-4233-01_NLMIMAGE10_923E4952.jpg,10,4
576,3884,24903,GREEN,CAPSULE,0185-0674,HYDROXYZINE PAMOATE,C25158,00185-0674-01_NLMIMAGE10_2645933C,E613,00185-0674-01_NLMIMAGE10_2645933C.jpg,1,1.0,data/pillbox_production_images_full_202008/00185-0674-01_NLMIMAGE10_2645933C.jpg,1,4
472,5064,48126,PINK,ROUND,60429-077,CHLOROQUINE,C42897,604290077,WW;125,604290077.jpg,1,2.0,data/pillbox_production_images_full_202008/604290077.jpg,10,6
4755,3079,21378,BLUE,CAPSULE,0093-3195,KETOPROFEN,C25158,00093-3195-01_BF295F9A,TEVA;3195,00093-3195-01_BF295F9A.jpg,2,2.0,data/pillbox_production_images_full_202008/00093-3195-01_BF295F9A.jpg,1,1
132,9726,27731,WHITE,CAPSULE,0378-4415,FLURAZEPAM HYDROCHLORIDE,C25158,003784415,MYLAN;4415,003784415.jpg,2,2.0,data/pillbox_production_images_full_202008/003784415.jpg,1,10
2301,1998,16611,WHITE,ROUND,0009-4541,DETROL,C42931,000094541,TO,000094541.jpg,1,1.0,data/pillbox_production_images_full_202008/000094541.jpg,10,10
2789,3188,2090,PINK,CAPSULE,65162-957,ESOMEPRAZOLE STRONTIUM,C42902,651620957,HMP40,651620957.jpg,1,1.0,data/pillbox_production_images_full_202008/651620957.jpg,1,6
4936,2271,23270,PINK,CAPSULE,0143-9951,AMOXICILLIN,C42897,001439951,WW;951,001439951.jpg,1,2.0,data/pillbox_production_images_full_202008/001439951.jpg,1,6
5852,7249,44377,WHITE,ROUND,0904-5365,ACID GONE ANTACID,C42893,009045365,RP105,009045365.jpg,1,1.0,data/pillbox_production_images_full_202008/009045365.jpg,10,10
5546,1426,14259,RED,ROUND,0378-4093,ROPINIROLE HYDROCHLORIDE,C42930,003784093,M;RE8,003784093.jpg,1,2.0,data/pillbox_production_images_full_202008/003784093.jpg,10,8
4604,312,11217,WHITE,ROUND,64376-605,CARBINOXAMINE MALEATE,C42998,643760605,BP;605,643760605.jpg,1,2.0,data/pillbox_production_images_full_202008/643760605.jpg,10,10
6894,9554,514,WHITE,CAPSULE,10544-039,ACYCLOVIR,C42998,ACYCLOVIR_400MG_RX504,RX504,Acyclovir_400mg_RX504.jpg,1,1.0,data/pillbox_production_images_full_202008/Acyclovir_400mg_RX504.jpg,1,10
3164,8959,30009,WHITE,ROUND,0093-0220,BICALUTAMIDE,C42931,00093-0220-56_37299BCC,93;220,00093-0220-56_37299BCC.jpg,1,2.0,data/pillbox_production_images_full_202008/00093-0220-56_37299BCC.jpg,10,10
6279,6554,24343,ORANGE,CAPSULE,65862-047,STAVUDINE,C25158,658620047,C;37,658620047.jpg,1,2.0,data/pillbox_production_images_full_202008/658620047.jpg,1,5
6471,5905,31826,WHITE,ROUND,0228-3005,CLONAZEPAM,C42998,002283005,R;35,002283005.jpg,1,2.0,data/pillbox_production_images_full_202008/002283005.jpg,10,10
4051,2043,48073,GREEN,CAPSULE,65862-193,FLUOXETINE,C25158,65862-0193-99_E40E7213,E;91,65862-0193-99_E40E7213.jpg,2,2.0,data/pillbox_production_images_full_202008/65862-0193-99_E40E7213.jpg,1,4
2445,8185,36426,WHITE,CAPSULE,43547-278,IRBESARTAN,C42998,43547-0278-50_NLMIMAGE10_5E3BAF5D,HH;330,43547-0278-50_NLMIMAGE10_5E3BAF5D.jpg,1,2.0,data/pillbox_production_images_full_202008/43547-0278-50_NLMIMAGE10_5E3BAF5D.jpg,1,10
6421,2286,10016,WHITE,ROUND,0555-9050,KARIVA,C42931,00555905058PART1OF3,dp;021,00555905058part1of3.jpg,1,2.0,data/pillbox_production_images_full_202008/00555905058part1of3.jpg,10,10
1402,2718,31697,YELLOW,OVAL,0603-5683,RISPERIDONE,C42931,00603-5683-20_090E84D4,5683;V,00603-5683-20_090E84D4.jpg,1,2.0,data/pillbox_production_images_full_202008/00603-5683-20_090E84D4.jpg,7,11
7829,5678,26817,WHITE,OVAL,0904-6140,DOXAZOSIN MESYLATE,C42998,009046140,1mg;MLP16,009046140.jpg,1,2.0,data/pillbox_production_images_full_202008/009046140.jpg,7,10
3824,2392,11849,WHITE,CAPSULE,42291-249,DOXYCYCLINE HYCLATE,C25158,422910249,Mutual;100,422910249.jpg,2,2.0,data/pillbox_production_images_full_202008/422910249.jpg,1,10
2517,5045,71178,BROWN,CAPSULE,0615-7621,VENLAFAXINE HYDROCHLORIDE,C42916,00093738556,93;7385;93;7385,00093738556.jpg,1,4.0,data/pillbox_production_images_full_202008/00093738556.jpg,1,2
6502,3658,33613,YELLOW,ROUND,65597-115,TRIBENZOR,C42931,65597-0115-90_1F1D8FEC,C53,65597-0115-90_1F1D8FEC.jpg,1,1.0,data/pillbox_production_images_full_202008/65597-0115-90_1F1D8FEC.jpg,10,11
1790,8690,38998,YELLOW,CAPSULE,55154-7129,GABAPENTIN,C25158,764F87FA-DDEC-0E97-E053-2991AA0AB4EA,2666;2666,764f87fa-ddec-0e97-e053-2991aa0ab4ea.jpg,2,2.0,data/pillbox_production_images_full_202008/764f87fa-ddec-0e97-e053-2991aa0ab4ea.jpg,1,11
1978,16,22105,WHITE,ROUND,0143-1300,LITHIUM CARBONATE,C42998,00143-1300-01_48162421,WW;300,00143-1300-01_48162421.jpg,1,2.0,data/pillbox_production_images_full_202008/00143-1300-01_48162421.jpg,10,10
2457,8202,10246,GREEN,OVAL,60429-570,PENTAZOCINE AND NALOXONE,C42998,604290570,watson;395;50;05,604290570.jpg,1,4.0,data/pillbox_production_images_full_202008/604290570.jpg,7,4
2988,296,31840,RED,OVAL,45802-486,DOCUSATE SODIUM,C42954,458020486,L486,458020486.jpg,2,1.0,data/pillbox_production_images_full_202008/458020486.jpg,7,8
3941,5329,71544,WHITE,TRAPEZOID,0615-8155,TRAZODONE HYDROCHLORIDE,C42998,50111044101,PLIVA;441;50;50;50,50111044101.jpg,1,5.0,data/pillbox_production_images_full_202008/50111044101.jpg,13,10
1465,4048,58114,GRAY,CAPSULE,63629-6932,VENLAFAXINE HYDROCHLORIDE,C42916,00093738456,93;7384;93;7384,00093738456.jpg,2,4.0,data/pillbox_production_images_full_202008/00093738456.jpg,1,3
222,4934,14335,YELLOW,ROUND,63629-1335,PROCHLORPERAZINE MALEATE,C42931,00093965201,93;9652,00093965201.jpg,1,2.0,data/pillbox_production_images_full_202008/00093965201.jpg,10,11
263,2850,44072,GREEN,CAPSULE,0378-6410,DOXEPIN HYDROCHLORIDE,C25158,003786410,MYLAN;6410,003786410.jpg,2,2.0,data/pillbox_production_images_full_202008/003786410.jpg,1,4
6270,4618,15940,YELLOW,ROUND,51079-812,NADOLOL,C42998,510790812,M;28,510790812.jpg,1,2.0,data/pillbox_production_images_full_202008/510790812.jpg,10,11
6977,5386,48113,ORANGE,ROUND,0781-4075,DROSPIRENONE/ETHINYL ESTRADIOL/LEVOMEFOLATE CALCIUM AND LEVOMEFOLATE CALCIUM,C42931,50419-0407-01_SPLIMAGE30_44192279,M,50419-0407-01_SPLIMAGE30_44192279.jpg,1,1.0,data/pillbox_production_images_full_202008/50419-0407-01_SPLIMAGE30_44192279.jpg,10,5
3846,2851,28415,WHITE,OVAL,65862-524,GABAPENTIN,C42931,65862-0524-05_NLMIMAGE10_2A49956C,D;25,65862-0524-05_NLMIMAGE10_2A49956C.jpg,1,2.0,data/pillbox_production_images_full_202008/65862-0524-05_NLMIMAGE10_2A49956C.jpg,7,10
625,1753,44848,WHITE,OVAL,0093-7181,OFLOXACIN,C42931,00093718101,93;7181,00093718101.jpg,1,2.0,data/pillbox_production_images_full_202008/00093718101.jpg,7,10
5993,3747,45487,BLUE,OVAL,54868-4865,PREMARIN,C42931,548684865,PREMARIN;045,548684865.jpg,1,2.0,data/pillbox_production_images_full_202008/548684865.jpg,7,1
3043,8110,1659,PURPLE,ROUND,43063-721,PRIMAQUINE PHOSPHATE,C42998,NO_PRODUCT_IMAGE,BY4,no_product_image.jpg,1,1.0,data/pillbox_production_images_full_202008/no_product_image.jpg,10,7
5366,1929,41505,WHITE,ROUND,0555-0381,MEPERIDINE HYDROCHLORIDE,C42998,00555-0381-02_NLMIMAGE10_19420CF0,381;b,00555-0381-02_NLMIMAGE10_19420CF0.jpg,1,2.0,data/pillbox_production_images_full_202008/00555-0381-02_NLMIMAGE10_19420CF0.jpg,10,10
6281,7066,75381,PINK,ROUND,70934-355,MECLIZINE HCL 25 MG,C42893,18A79505-B506-62C0-E054-00144FF88E88,21G,18a79505-b506-62c0-e054-00144ff88e88.jpg,1,1.0,data/pillbox_production_images_full_202008/18a79505-b506-62c0-e054-00144ff88e88.jpg,10,6
5861,7476,12235,RED,OVAL,0032-1103,ACEON,C42998,000321103,ACN;8;SLV;SLV,000321103.jpg,1,4.0,data/pillbox_production_images_full_202008/000321103.jpg,7,8
2899,7846,61238,PINK,ROUND,71335-0143,MECLIZINE HCL 25 MG,C42893,18A79505-B506-62C0-E054-00144FF88E88,21G,18a79505-b506-62c0-e054-00144ff88e88.jpg,1,1.0,data/pillbox_production_images_full_202008/18a79505-b506-62c0-e054-00144ff88e88.jpg,10,6
23,80,36136,PINK,ROUND,0781-5087,CARBAMAZEPINE,C42927,007815087,T;200;mg,007815087.jpg,1,3.0,data/pillbox_production_images_full_202008/007815087.jpg,10,6
538,6059,22094,WHITE,OVAL,49884-404,METOPROLOL SUCCINATE,C42927,498840404,m;B,498840404.jpg,1,2.0,data/pillbox_production_images_full_202008/498840404.jpg,7,10
5344,499,21737,WHITE,ROUND,53489-177,ALBUTEROL SULFATE,C42998,53489-0177-01_DB03EDDF,MP;88,53489-0177-01_DB03EDDF.jpg,1,2.0,data/pillbox_production_images_full_202008/53489-0177-01_DB03EDDF.jpg,10,10
518,6272,2438,BLUE,ROUND,60505-0130,CARBIDOPA AND LEVODOPA,C42998,605050130,APO;25;250,605050130.jpg,1,3.0,data/pillbox_production_images_full_202008/605050130.jpg,10,1
1839,9471,45306,ORANGE,OVAL,68084-863,HYDROCODONE BITARTRATE AND ACETAMINOPHEN,C42998,QLT38910,3605;V,QLT38910.jpg,1,2.0,data/pillbox_production_images_full_202008/QLT38910.jpg,7,5
3721,1534,44695,YELLOW,CAPSULE,0002-3231,SYMBYAX,C25158,000023231,Lilly;3231;6;25,000023231.jpg,2,4.0,data/pillbox_production_images_full_202008/000023231.jpg,1,11
101,4107,12773,WHITE,ROUND,50242-063,TARCEVA,C42998,502420063,T;100,502420063.jpg,1,2.0,data/pillbox_production_images_full_202008/502420063.jpg,10,10
7458,2457,18339,ORANGE,CAPSULE,60505-0015,DILTIAZEM HYDROCHLORIDE,C42916,605050015,APO;015,605050015.jpg,2,2.0,data/pillbox_production_images_full_202008/605050015.jpg,1,5
4663,7782,37633,WHITE,ROUND,0597-0191,MIRAPEX,C42998,005970191,BI;BI;91;91,005970191.jpg,1,4.0,data/pillbox_production_images_full_202008/005970191.jpg,10,10
4447,2353,33065,WHITE,ROUND,51991-838,CYPROHEPTADINE HYDROCHLORIDE,C42998,519910838,CYP,519910838.jpg,1,1.0,data/pillbox_production_images_full_202008/519910838.jpg,10,10
5921,627,34977,WHITE,OVAL,24338-126,ERY-TAB,C42905,243380126,A;ED,243380126.jpg,1,2.0,data/pillbox_production_images_full_202008/243380126.jpg,7,10
3739,8005,13164,WHITE,OVAL,69367-121,IRBESARTAN,C42998,NO_PRODUCT_IMAGE,SG;162,no_product_image.jpg,1,2.0,data/pillbox_production_images_full_202008/no_product_image.jpg,7,10
6436,7169,32388,GRAY,CAPSULE,63304-695,MINOCYCLINE HYDROCHLORIDE,C25158,633040695,RX695,633040695.jpg,1,1.0,data/pillbox_production_images_full_202008/633040695.jpg,1,3
7024,6268,61587,WHITE,OVAL,53002-7890,AMOXICILLIN AND CLAVULANATE POTASSIUM,C42931,00093227534,93;22;75,00093227534.jpg,1,3.0,data/pillbox_production_images_full_202008/00093227534.jpg,7,10
6308,9371,5103,GREEN,CAPSULE,69189-0758,PIROXICAM,C25158,00093075601,93;756;93;756;,00093075601.jpg,2,5.0,data/pillbox_production_images_full_202008/00093075601.jpg,1,4
7776,2364,33380,BLUE,CAPSULE,64764-175,DEXILANT,C42902,647640175,TAP;60,647640175.jpg,1,2.0,data/pillbox_production_images_full_202008/647640175.jpg,1,1
2280,5443,71675,YELLOW,ROUND,69117-0028,FELODIPINE,C42927,79B89D1F-26F8-8F3C-E053-2991AA0A9065,Y161;,79b89d1f-26f8-8f3c-e053-2991aa0a9065.jpg,1,2.0,data/pillbox_production_images_full_202008/79b89d1f-26f8-8f3c-e053-2991aa0a9065.jpg,10,11
4319,3528,32532,GREEN,CAPSULE,49884-724,HYDROXYUREA,C25158,498840724,724;par,498840724.jpg,2,2.0,data/pillbox_production_images_full_202008/498840724.jpg,1,4
3172,4914,3748,ORANGE,ROUND,68084-900,VENLAFAXINE,C42998,50_MG_VENLAFAXINE_TABLET,ZC;66,50_mg_Venlafaxine_Tablet.jpg,1,2.0,data/pillbox_production_images_full_202008/50_mg_Venlafaxine_Tablet.jpg,10,5
5831,9213,51523,WHITE,ROUND,0360-0342,SEPIA,C42998,NO_PRODUCT_IMAGE,,no_product_image.jpg,1,,data/pillbox_production_images_full_202008/no_product_image.jpg,10,10
4229,9335,53919,WHITE,OVAL,63629-7248,GLIPIZIDE AND METFORMIN HYDROCHLORIDE,C42931,00093745601,93;7456,00093745601.jpg,1,2.0,data/pillbox_production_images_full_202008/00093745601.jpg,7,10
5446,7140,39029,WHITE,ROUND,59762-1300,METOPROLOL TARTRATE,C42931,597621300,C;73,597621300.jpg,1,2.0,data/pillbox_production_images_full_202008/597621300.jpg,10,10
6720,9320,8168,PINK,OVAL,68788-9928,ETODOLAC,C42931,00093089201,93;892,00093089201.jpg,1,2.0,data/pillbox_production_images_full_202008/00093089201.jpg,7,6
3658,902,36702,PINK,ROUND,0228-3087,ALPRAZOLAM,C42927,002283087,R;87,002283087.jpg,1,2.0,data/pillbox_production_images_full_202008/002283087.jpg,10,6
2476,5681,30638,PURPLE,OVAL,0115-3922,CARBIDOPA AND LEVODOPA,C42927,00115-3922-01_290494C4,G;392,00115-3922-01_290494C4.jpg,1,2.0,data/pillbox_production_images_full_202008/00115-3922-01_290494C4.jpg,7,7
1313,7786,35074,WHITE,ROUND,0527-1325,DIGOX,C42998,005271325,JSP;545,005271325.jpg,1,2.0,data/pillbox_production_images_full_202008/005271325.jpg,10,10
1858,2277,8224,ORANGE,ROUND,65162-302,VENLAFAXINE HYDROCHLORIDE,C42998,651620302,IP;302,651620302.jpg,1,2.0,data/pillbox_production_images_full_202008/651620302.jpg,10,5
6213,4066,32789,GRAY,ROUND,42858-804,MORPHINE SULFATE,C42930,428580804,ABG;100,428580804.jpg,1,2.0,data/pillbox_production_images_full_202008/428580804.jpg,10,3
7353,2690,4787,RED,ROUND,0074-2280,MAVIK,C42998,000742280,FZ,000742280.jpg,1,1.0,data/pillbox_production_images_full_202008/000742280.jpg,10,8
7271,9468,43149,WHITE,ROUND,0143-1425,PREDNISONE,C42998,00143-1425-01_B12658A2,WW;25,00143-1425-01_B12658A2.jpg,1,2.0,data/pillbox_production_images_full_202008/00143-1425-01_B12658A2.jpg,10,10
6857,3508,24856,BLUE,OVAL,0378-1815,LEVOTHYROXINE SODIUM,C42998,00378-1815-01_4423A22D,M;L;11,00378-1815-01_4423A22D.jpg,1,3.0,data/pillbox_production_images_full_202008/00378-1815-01_4423A22D.jpg,7,1
4816,9714,20099,YELLOW,OVAL,0093-7234,MELOXICAM,C42998,00093-7234-01_NLMIMAGE10_B13058E2,93;7234,00093-7234-01_NLMIMAGE10_B13058E2.jpg,1,2.0,data/pillbox_production_images_full_202008/00093-7234-01_NLMIMAGE10_B13058E2.jpg,7,11
2252,4293,26972,WHITE,ROUND,42367-111,DICLOFENAC SODIUM AND MISOPROSTOL,C42905,42367-0111-06_NLMIMAGE10_AB48D5F6,DM1,42367-0111-06_NLMIMAGE10_AB48D5F6.jpg,1,1.0,data/pillbox_production_images_full_202008/42367-0111-06_NLMIMAGE10_AB48D5F6.jpg,10,10
6654,9303,56617,WHITE,CAPSULE,42291-396,FLUOXETINE,C25158,50111064701,PLIVA;647;PLIVA;647,50111064701.jpg,1,4.0,data/pillbox_production_images_full_202008/50111064701.jpg,1,10
601,6148,7568,PINK,CAPSULE,60505-0065,OMEPRAZOLE,C42902,60505-0065-00_SPLIMAGE30_412920F9,APO;020,60505-0065-00_SPLIMAGE30_412920F9.jpg,2,2.0,data/pillbox_production_images_full_202008/60505-0065-00_SPLIMAGE30_412920F9.jpg,1,6
4678,959,42367,WHITE,ROUND,45802-498,GUAIFENESIN,C42927,45802-0498-58_NLMIMAGE10_4C3B2619,L498,45802-0498-58_NLMIMAGE10_4C3B2619.jpg,1,1.0,data/pillbox_production_images_full_202008/45802-0498-58_NLMIMAGE10_4C3B2619.jpg,10,10
453,5512,31986,WHITE,OVAL,60429-139,METOPROLOL SUCCINATE,C42930,604290139,M,604290139.jpg,1,1.0,data/pillbox_production_images_full_202008/604290139.jpg,7,10
712,191,18358,WHITE,CAPSULE,53746-189,NAPROXEN,C42998,53746-0189-01_A11B50DA,IP189;375,53746-0189-01_A11B50DA.jpg,1,2.0,data/pillbox_production_images_full_202008/53746-0189-01_A11B50DA.jpg,1,10
3960,8792,18832,PINK,ROUND,76439-201,VIRT-VITE FORTE,C42931,764390201,V201,764390201.jpg,1,1.0,data/pillbox_production_images_full_202008/764390201.jpg,10,6
5438,3175,44056,PURPLE,CAPSULE,0781-2274,AMLODIPINE BESYLATE AND BENAZEPRIL HYDROCHLORIDE,C25158,007812274,S;SANDOZ;574,007812274.jpg,1,3.0,data/pillbox_production_images_full_202008/007812274.jpg,1,7
6930,6420,28253,WHITE,CAPSULE,0904-5789,ACYCLOVIR,C25158,009045789,APO;042,009045789.jpg,2,2.0,data/pillbox_production_images_full_202008/009045789.jpg,1,10
349,1871,6561,WHITE,ROUND,0093-2204,METOCLOPRAMIDE,C42998,00093-2204-01_8426C266,TV;2204,00093-2204-01_8426C266.jpg,1,2.0,data/pillbox_production_images_full_202008/00093-2204-01_8426C266.jpg,10,10
6726,4891,44550,WHITE,ROUND,64376-603,METHSCOPOLAMINE BROMIDE,C42998,643760603,BOCA;603,643760603.jpg,1,2.0,data/pillbox_production_images_full_202008/643760603.jpg,10,10
3148,8541,12162,WHITE,ROUND,0378-7732,ONDANSETRON,C42999,00378-7732-93_850842D2,M;732,00378-7732-93_850842D2.jpg,1,2.0,data/pillbox_production_images_full_202008/00378-7732-93_850842D2.jpg,10,10
3050,3744,19795,GREEN,CAPSULE,43547-253,CHLORDIAZEPOXIDE HYDROCHLORIDE,C42936,435470253,S253;S,435470253.jpg,1,2.0,data/pillbox_production_images_full_202008/435470253.jpg,1,4
3932,899,66604,YELLOW,OVAL,42494-309,AMIODARONE HCL,C42998,A3EA1EBB-2601-D8F2-E053-2A95A90A1216,AS;400,a3ea1ebb-2601-d8f2-e053-2a95a90a1216.jpg,1,2.0,data/pillbox_production_images_full_202008/a3ea1ebb-2601-d8f2-e053-2a95a90a1216.jpg,7,11
5693,6860,71701,BROWN,ROUND,70518-1877,FAMOTIDINE,C42931,00172572860,TEVA;5728,00172572860.jpg,1,2.0,data/pillbox_production_images_full_202008/00172572860.jpg,10,2
2728,837,52118,PINK,ROUND,59779-748,ASSORTED FRUIT ANTACID FLAVOR CHEWS,C42893,3C679059-2534-485A-E054-00144FF88E88,FC,3c679059-2534-485a-e054-00144ff88e88.jpg,1,1.0,data/pillbox_production_images_full_202008/3c679059-2534-485a-e054-00144ff88e88.jpg,10,6
544,8242,54544,WHITE,OVAL,66267-859,AMOXICILLIN AND CLAVULANATE POTASSIUM,C42931,00093227534,93;22;75,00093227534.jpg,1,3.0,data/pillbox_production_images_full_202008/00093227534.jpg,7,10
1578,8510,36695,WHITE,CAPSULE,68382-137,LOSORTAN POTASSIUM,C42931,68382-0137-10_2E089704,Z18,68382-0137-10_2E089704.jpg,1,1.0,data/pillbox_production_images_full_202008/68382-0137-10_2E089704.jpg,1,10
4329,1988,2958,WHITE,ROUND,0054-0269,LETROZOLE,C42998,000540269,54;753,000540269.jpg,1,2.0,data/pillbox_production_images_full_202008/000540269.jpg,10,10
2664,3527,5247,RED,OVAL,0078-0358,DIOVAN,C42998,00078-0358-34_EA15750B,NVR;DV,00078-0358-34_EA15750B.jpg,1,2.0,data/pillbox_production_images_full_202008/00078-0358-34_EA15750B.jpg,7,8
2132,1524,9300,ORANGE,ROUND,0049-2340,RELPAX,C42931,00049-2340-05_381C9C54,REP40;Pfizer,00049-2340-05_381C9C54.jpg,1,2.0,data/pillbox_production_images_full_202008/00049-2340-05_381C9C54.jpg,10,5
3649,4247,31376,BROWN,CAPSULE,62037-699,TAZTIA,C42916,620370699,Andrx;699;300;mg,620370699.jpg,2,4.0,data/pillbox_production_images_full_202008/620370699.jpg,1,2
5037,3455,45765,WHITE,OVAL,65649-701,OSMOPREP,C42998,656490701,SLX;102,656490701.jpg,1,2.0,data/pillbox_production_images_full_202008/656490701.jpg,7,10
3411,4426,42784,PINK,ROUND,0093-7153,SIMVASTATIN,C42931,00093-7153-56_E527F2EF,7153;TV,00093-7153-56_E527F2EF.jpg,1,2.0,data/pillbox_production_images_full_202008/00093-7153-56_E527F2EF.jpg,10,6
1502,2681,29386,YELLOW,ROUND,0186-0777,BRILINTA,C42998,001860777,90;T,001860777.jpg,1,2.0,data/pillbox_production_images_full_202008/001860777.jpg,10,11
1044,5259,40445,WHITE,ROUND,60505-2593,ALENDRONATE SODIUM,C42998,605052593,APO;A10,605052593.jpg,1,2.0,data/pillbox_production_images_full_202008/605052593.jpg,10,10
4309,6487,5909,WHITE,ROUND,42291-621,MONTELUKAST SODIUM,C42931,422910621,KU;210,422910621.jpg,1,2.0,data/pillbox_production_images_full_202008/422910621.jpg,10,10
4420,3376,23682,PINK,ROUND,0169-0092,PRANDIMET,C42998,001690092,2mg;500mg,001690092.jpg,1,2.0,data/pillbox_production_images_full_202008/001690092.jpg,10,6
1514,3102,6540,YELLOW,CAPSULE,0085-1519,TEMODAR,C25158,000851519,TEMODAR;20;mg,000851519.jpg,2,3.0,data/pillbox_production_images_full_202008/000851519.jpg,1,11
487,2539,13332,PINK,CAPSULE,0378-6120,DILTIAZEM HYDROCHLORIDE,C42916,003786120,MYLAN;6120,003786120.jpg,1,2.0,data/pillbox_production_images_full_202008/003786120.jpg,1,6
4125,4595,46230,PINK,ROUND,0093-5423,GIANVI,C42931,00093-5423-28_NLMIMAGE10_D035E80F,,00093-5423-28_NLMIMAGE10_D035E80F.jpg,1,,data/pillbox_production_images_full_202008/00093-5423-28_NLMIMAGE10_D035E80F.jpg,10,6
5634,5284,27203,WHITE,ROUND,51079-300,CLONIDINE HYDROCHLORIDE,C42998,510790300,MYLAN;186,510790300.jpg,1,2.0,data/pillbox_production_images_full_202008/510790300.jpg,10,10
748,3888,42643,WHITE,ROUND,0054-0141,ACARBOSE,C42998,000540141,54;737,000540141.jpg,1,2.0,data/pillbox_production_images_full_202008/000540141.jpg,10,10
3315,2549,74529,BLUE,CAPSULE,71376-204,JORNAY PM,C25158,JORNAY_SPLIMAGE_80MG_V02,IRONSHORE;80mg,Jornay_SPLImage_80mg_v02.jpg,2,2.0,data/pillbox_production_images_full_202008/Jornay_SPLImage_80mg_v02.jpg,1,1
3491,4465,23370,PINK,CAPSULE,13107-155,PAROXETINE,C42931,131070155,56;C,131070155.jpg,1,2.0,data/pillbox_production_images_full_202008/131070155.jpg,1,6
2488,5658,34349,WHITE,OVAL,0378-4011,GLIMEPIRIDE,C42998,003784011,G;11;MYLAN,003784011.jpg,1,3.0,data/pillbox_production_images_full_202008/003784011.jpg,7,10
4280,1682,47186,YELLOW,CAPSULE,51293-804,SALSALATE,C42998,512930804,AN;513,512930804.jpg,1,2.0,data/pillbox_production_images_full_202008/512930804.jpg,1,11
37,4693,42838,BLUE,OVAL,60429-204,MECLIZINE HYDROCHLORIDE,C42998,604290204,Par;034,604290204.jpg,1,2.0,data/pillbox_production_images_full_202008/604290204.jpg,7,1
5689,3500,34924,RED,ROUND,76282-421,LISINOPRIL,C42998,762820421,IG;421,762820421.jpg,1,2.0,data/pillbox_production_images_full_202008/762820421.jpg,10,8
2638,1077,10638,YELLOW,ROUND,0093-3010,CLOZAPINE,C42999,00093-3010-84_F72CFBF7,A08,00093-3010-84_F72CFBF7.jpg,1,1.0,data/pillbox_production_images_full_202008/00093-3010-84_F72CFBF7.jpg,10,11
6758,1422,44962,WHITE,OVAL,0603-3880,HYDROCODONE BITARTRATE AND ACETAMINOPHEN,C42998,006033880,3591;V,006033880.jpg,1,2.0,data/pillbox_production_images_full_202008/006033880.jpg,7,10
496,4719,14876,YELLOW,OVAL,49884-035,MECLIZINE HYDROCHLORIDE,C42998,49884-0035-01_4408A245,Par;035,49884-0035-01_4408A245.jpg,1,2.0,data/pillbox_production_images_full_202008/49884-0035-01_4408A245.jpg,7,11
6298,8317,21523,BROWN,CAPSULE,0145-0091,SORIATANE,C25158,00145-0091-25_DD196ECB,A;25;mg,00145-0091-25_DD196ECB.jpg,2,3.0,data/pillbox_production_images_full_202008/00145-0091-25_DD196ECB.jpg,1,2
3078,8544,44818,WHITE,OVAL,60429-323,ATORVASTATIN CALCIUM,C42931,604290323,APO;A10,604290323.jpg,1,2.0,data/pillbox_production_images_full_202008/604290323.jpg,7,10
2470,2131,34004,BLUE,ROUND,0185-0072,LOVASTATIN,C42998,001850072,E;72,001850072.jpg,1,2.0,data/pillbox_production_images_full_202008/001850072.jpg,10,1
696,8472,32293,BLUE,CAPSULE,0009-5191,DETROL LA,C42916,00009-5191-02_3C159E1C,4,00009-5191-02_3C159E1C.jpg,1,1.0,data/pillbox_production_images_full_202008/00009-5191-02_3C159E1C.jpg,1,1
879,6486,15316,WHITE,ROUND,57664-399,GLIPIZIDE,C42998,576640399,399,576640399.jpg,1,1.0,data/pillbox_production_images_full_202008/576640399.jpg,10,10
2585,8418,27546,BROWN,CAPSULE,76282-228,ZONISAMIDE,C25158,762820228,IG228;100;mg,762820228.jpg,2,3.0,data/pillbox_production_images_full_202008/762820228.jpg,1,2
95,554,33294,WHITE,ROUND,0172-3761,LISINOPRIL,C42998,00172376160,3761,00172376160.jpg,1,1.0,data/pillbox_production_images_full_202008/00172376160.jpg,10,10
2751,5890,41094,WHITE,OVAL,0603-3886,HYDROCODONE BITARTRATE AND ACETAMINOPHEN,C42998,006033886,3598;V,006033886.jpg,1,2.0,data/pillbox_production_images_full_202008/006033886.jpg,7,10
1022,1777,68516,WHITE,ROUND,58354-110,COLCOL CO TAB.,C42998,NO_PRODUCT_IMAGE,,no_product_image.jpg,1,,data/pillbox_production_images_full_202008/no_product_image.jpg,10,10
6124,2601,3957,GREEN,ROUND,51079-107,AMITRIPTYLINE HYDROCHLORIDE,C42931,510790107,M;51,510790107.jpg,1,2.0,data/pillbox_production_images_full_202008/510790107.jpg,10,4
7384,7168,12217,WHITE,CAPSULE,50458-098,ELMIRON,C42936,50458-0098-01_2A15954C,BNP7600,50458-0098-01_2A15954C.jpg,1,1.0,data/pillbox_production_images_full_202008/50458-0098-01_2A15954C.jpg,1,10
7395,3007,20585,GREEN,ROUND,0074-6594,SYNTHROID,C42998,00074-6594-90_AB1D55FA,SYNTHROID;88,00074-6594-90_AB1D55FA.jpg,1,2.0,data/pillbox_production_images_full_202008/00074-6594-90_AB1D55FA.jpg,10,4
2673,7426,47634,WHITE,OVAL,60429-310,ACYCLOVIR,C42998,604290310,Apotex;5307,604290310.jpg,1,2.0,data/pillbox_production_images_full_202008/604290310.jpg,7,10
7247,6787,46942,BLUE,ROUND,10544-152,AMITRIPTYLINE HYDROCHLORIDE,C42931,AMITRIPTYLINE_HCL_10_MG,2101;V,Amitriptyline_HCl_10_MG.jpg,1,2.0,data/pillbox_production_images_full_202008/Amitriptyline_HCl_10_MG.jpg,10,1
5404,6326,11644,ORANGE,ROUND,63739-128,HYDROCHLOROTHIAZIDE,C42998,637390128,3571;V,637390128.jpg,1,2.0,data/pillbox_production_images_full_202008/637390128.jpg,10,5
5516,4005,23924,ORANGE,ROUND,0378-0083,CAPTOPRIL AND HYDROCHLOROTHIAZIDE,C42998,003780083,M;83,003780083.jpg,1,2.0,data/pillbox_production_images_full_202008/003780083.jpg,10,5
1888,6022,20005,WHITE,OVAL,0597-0286,MIRAPEX,C42927,005970286,ER;2;25,005970286.jpg,1,3.0,data/pillbox_production_images_full_202008/005970286.jpg,7,10
4939,6992,48848,PINK,CAPSULE,0781-2053,TERAZOSIN HYDROCHLORIDE,C25158,00781-2053-01_521E2911,GG623,00781-2053-01_521E2911.jpg,1,1.0,data/pillbox_production_images_full_202008/00781-2053-01_521E2911.jpg,1,6
5593,8430,34681,GRAY,DIAMOND,49702-204,EPIVIR,C42931,49702-0204-13_7E193F29,GX;EJ7,49702-0204-13_7E193F29.jpg,1,2.0,data/pillbox_production_images_full_202008/49702-0204-13_7E193F29.jpg,2,3
3187,7293,8876,BLUE,CAPSULE,42291-250,DOXYCYCLINE HYCLATE,C25158,422910250,Mutual;105,422910250.jpg,1,2.0,data/pillbox_production_images_full_202008/422910250.jpg,1,1
6822,4,3766,YELLOW,CAPSULE,63739-375,GABAPENTIN,C25158,637390375,R2666,637390375.jpg,2,1.0,data/pillbox_production_images_full_202008/637390375.jpg,1,11
3558,3099,4723,BROWN,CAPSULE,0003-1965,ZERIT,C42936,000031965,BMS;1965;20,000031965.jpg,1,3.0,data/pillbox_production_images_full_202008/000031965.jpg,1,2
1618,4182,43165,BLUE,OVAL,0603-5770,SOTALOL HYDROCHLORIDE,C42998,00603-5770-21_CD1FE6FF,5876;V,00603-5770-21_CD1FE6FF.jpg,1,2.0,data/pillbox_production_images_full_202008/00603-5770-21_CD1FE6FF.jpg,7,1
2088,1731,40119,BLUE,ROUND,0378-2587,HYDROXYZINE HYDROCHLORIDE,C42931,003782587,M;H25,003782587.jpg,1,2.0,data/pillbox_production_images_full_202008/003782587.jpg,10,1
4942,5352,3126,GREEN,CAPSULE,68084-675,DULOXETINE,C42902,LUP02940,LU;Q01,LUP02940.jpg,2,2.0,data/pillbox_production_images_full_202008/LUP02940.jpg,1,4
2225,4842,12331,WHITE,OVAL,0904-5591,NAPROXEN,C42998,009045591,Westward;348,009045591.jpg,1,2.0,data/pillbox_production_images_full_202008/009045591.jpg,7,10
4708,811,79358,PINK,ROUND,49035-475,EQUATE BERRY ANTACID HBG CHEWS,C42893,9C4872FD-BFDF-2472-E053-2995A90A361F,DR,9c4872fd-bfdf-2472-e053-2995a90a361f.jpg,1,1.0,data/pillbox_production_images_full_202008/9c4872fd-bfdf-2472-e053-2995a90a361f.jpg,10,6
2333,6983,45816,WHITE,ROUND,68084-928,PILOCARPINE HYDROCHLORIDE,C42931,8AF7F349-E51A-E126-E053-2995A90A8B7F,SAL;5,8af7f349-e51a-e126-e053-2995a90a8b7f.jpg,1,2.0,data/pillbox_production_images_full_202008/8af7f349-e51a-e126-e053-2995a90a8b7f.jpg,10,10
5718,7316,5575,WHITE,ROUND,60429-757,FOSINOPRIL SODIUM,C42998,604290757,IG;202,604290757.jpg,1,2.0,data/pillbox_production_images_full_202008/604290757.jpg,10,10
2521,2495,27169,WHITE,CAPSULE,0115-0522,FENOFIBRATE,C25158,001150522,G;0522,001150522.jpg,1,2.0,data/pillbox_production_images_full_202008/001150522.jpg,1,10
4914,7209,22067,YELLOW,OVAL,0173-0393,ZANTAC,C42931,00173-0393-40_8918C4B6,ZANTAC;300;Glaxo,00173-0393-40_8918C4B6.jpg,1,3.0,data/pillbox_production_images_full_202008/00173-0393-40_8918C4B6.jpg,7,11
1055,4873,21683,WHITE,ROUND,0093-7271,PIOGLITAZONE,C42998,00093-7271-98_NLMIMAGE10_B543DA9E,TEVA;7271,00093-7271-98_NLMIMAGE10_B543DA9E.jpg,1,2.0,data/pillbox_production_images_full_202008/00093-7271-98_NLMIMAGE10_B543DA9E.jpg,10,10
2124,377,22201,WHITE,CAPSULE,76439-102,CEPHALEXIN,C25158,76439-0102-50_NLMIMAGE10_3A3D9D0C,802,76439-0102-50_NLMIMAGE10_3A3D9D0C.jpg,1,1.0,data/pillbox_production_images_full_202008/76439-0102-50_NLMIMAGE10_3A3D9D0C.jpg,1,10
856,4522,20428,GRAY,CAPSULE,49884-501,BUDESONIDE,C25158,498840501,ENTOCORTEC;3mg,498840501.jpg,1,2.0,data/pillbox_production_images_full_202008/498840501.jpg,1,3
5756,2423,28023,ORANGE,ROUND,0378-5123,SOTALOL HYDROCHLORIDE,C42998,00378-5123-01_D223E93F,M;S23,00378-5123-01_D223E93F.jpg,1,2.0,data/pillbox_production_images_full_202008/00378-5123-01_D223E93F.jpg,10,5
3616,9049,2720,GRAY,OVAL,50436-0264,ETODOLAC,C42930,00093717201,93;7172,00093717201.jpg,1,2.0,data/pillbox_production_images_full_202008/00093717201.jpg,7,3
2542,743,48368,BROWN,ROUND,0603-0282,SENNA-LAX,C42998,006030282,AZ217,006030282.jpg,1,1.0,data/pillbox_production_images_full_202008/006030282.jpg,10,2
4105,4792,8903,ORANGE,ROUND,60429-348,PHENELZINE SULFATE,C42998,604290348,,604290348.jpg,1,,data/pillbox_production_images_full_202008/604290348.jpg,10,5
2178,9753,32953,PINK,ROUND,16252-506,SIMVASTATIN,C42998,16252-0506-50_3D061E80,SV;10,16252-0506-50_3D061E80.jpg,1,2.0,data/pillbox_production_images_full_202008/16252-0506-50_3D061E80.jpg,10,6
1406,2631,12465,WHITE,ROUND,60505-2502,LEFLUNOMIDE,C42998,605052502,LE;10;APO,605052502.jpg,1,3.0,data/pillbox_production_images_full_202008/605052502.jpg,10,10
1934,7606,31459,ORANGE,ROUND,51079-943,BUPROPION HYDROCHLORIDE,C42931,510790943,M;433,510790943.jpg,1,2.0,data/pillbox_production_images_full_202008/510790943.jpg,10,5
6542,4787,20904,WHITE,ROUND,61442-222,CIPROFLOXACIN,C42931,614420222,CTI;222,614420222.jpg,1,2.0,data/pillbox_production_images_full_202008/614420222.jpg,10,10
1926,6,5712,WHITE,ROUND,42794-019,LIOTHYRONINE SODIUM,C42998,42794-0019-02_NLMIMAGE10_BC40DE26,19,42794-0019-02_NLMIMAGE10_BC40DE26.jpg,1,1.0,data/pillbox_production_images_full_202008/42794-0019-02_NLMIMAGE10_BC40DE26.jpg,10,10
3317,4975,26015,YELLOW,ROUND,0781-1681,ONDANSETRON,C42931,007811681,928;GG,007811681.jpg,1,2.0,data/pillbox_production_images_full_202008/007811681.jpg,10,11
5025,6280,3430,GREEN,OVAL,61958-1201,STRIBILD,C42931,619581201,GSI;1,619581201.jpg,1,2.0,data/pillbox_production_images_full_202008/619581201.jpg,7,4
1718,8647,34117,ORANGE,CAPSULE,63739-376,GABAPENTIN,C25158,637390376,R667,637390376.jpg,2,1.0,data/pillbox_production_images_full_202008/637390376.jpg,1,5
6685,858,8906,YELLOW,OVAL,0093-5741,CYCLOSPORINE,C42954,00093-5741-65_NLMIMAGE10_654732B9,50;mg,00093-5741-65_NLMIMAGE10_654732B9.jpg,1,2.0,data/pillbox_production_images_full_202008/00093-5741-65_NLMIMAGE10_654732B9.jpg,7,11
6001,1427,48264,WHITE,CAPSULE,52544-691,MATZIM LA,C42927,52544-0691-19_FC157E0B,180;691,52544-0691-19_FC157E0B.jpg,1,2.0,data/pillbox_production_images_full_202008/52544-0691-19_FC157E0B.jpg,1,10
647,5935,77355,WHITE,OVAL,68998-407,ALLERGY RELIEF,C42998,309,LOR10,309.jpg,1,1.0,data/pillbox_production_images_full_202008/309.jpg,7,10
6682,4184,44807,YELLOW,CAPSULE,0228-2497,NIFEDIPINE,C42954,00228-2497-10_910848D2,R;497,00228-2497-10_910848D2.jpg,1,2.0,data/pillbox_production_images_full_202008/00228-2497-10_910848D2.jpg,1,11
4987,3249,7022,BLUE,OVAL,50419-106,BETAPACE,C42998,50419-0106-10_SPLIMAGE30_10190868,Betapace;160;mg,50419-0106-10_SPLIMAGE30_10190868.jpg,1,3.0,data/pillbox_production_images_full_202008/50419-0106-10_SPLIMAGE30_10190868.jpg,7,1
682,7382,48362,WHITE,OVAL,0591-0385,HYDROCODONE BITARTRATE AND ACETAMINOPHEN,C42998,00591-0385-01_B615DB0E,WATSON;385,00591-0385-01_B615DB0E.jpg,1,2.0,data/pillbox_production_images_full_202008/00591-0385-01_B615DB0E.jpg,7,10
3176,946,48008,WHITE,OVAL,31722-534,METHOCARBAMOL,C42998,31722-0534-01_NLMIMAGE10_AF3C57B2,115;H,31722-0534-01_NLMIMAGE10_AF3C57B2.jpg,1,2.0,data/pillbox_production_images_full_202008/31722-0534-01_NLMIMAGE10_AF3C57B2.jpg,7,10
3248,5063,62522,WHITE,ROUND,53002-1132,TRAZODONE HYDROCHLORIDE,C42998,50111043301,PLIVA;433,50111043301.jpg,1,2.0,data/pillbox_production_images_full_202008/50111043301.jpg,10,10
4664,6688,26810,WHITE,ROUND,0904-0250,APRODINE,C42931,009040250,44;178,009040250.jpg,1,2.0,data/pillbox_production_images_full_202008/009040250.jpg,10,10
318,8270,34003,BLUE,ROUND,50111-456,OXYBUTYNIN CHLORIDE,C42998,501110456,PLIVA;456,501110456.jpg,1,2.0,data/pillbox_production_images_full_202008/501110456.jpg,10,1
6511,3703,51396,WHITE,ROUND,0360-0015,ALLIUM,C42998,NO_PRODUCT_IMAGE,,no_product_image.jpg,1,,data/pillbox_production_images_full_202008/no_product_image.jpg,10,10
7621,3805,38306,GRAY,CAPSULE,66993-408,CARBAMAZEPINE,C42916,669930408,S433;200mg,669930408.jpg,2,2.0,data/pillbox_production_images_full_202008/669930408.jpg,1,3
586,2171,36973,WHITE,ROUND,0591-5543,ALLOPURINOL,C42998,005915543,DAN;DAN;5543,005915543.jpg,1,3.0,data/pillbox_production_images_full_202008/005915543.jpg,10,10
457,2254,24282,ORANGE,SQUARE,50458-603,RISPERIDONE M-TAB,C42999,504580603,P2,504580603.jpg,1,1.0,data/pillbox_production_images_full_202008/504580603.jpg,11,5
1558,7440,15893,WHITE,ROUND,0054-0177,BUPRENORPHINE HCL,C42998,000540177,54;411,000540177.jpg,1,2.0,data/pillbox_production_images_full_202008/000540177.jpg,10,10
6454,299,21755,YELLOW,OVAL,0093-5215,MOEXIPRIL HYDROCHLORIDE AND HYDROCHLOROTHIAZIDE,C42931,00093-5215-01_562BAB0D,9;3;5215,00093-5215-01_562BAB0D.jpg,1,3.0,data/pillbox_production_images_full_202008/00093-5215-01_562BAB0D.jpg,7,11
7622,3540,41308,YELLOW,ROUND,0074-6624,SYNTHROID,C42998,00074-6624-19_A91D54AA,SYNTHROID;100,00074-6624-19_A91D54AA.jpg,1,2.0,data/pillbox_production_images_full_202008/00074-6624-19_A91D54AA.jpg,10,11
7075,1676,45245,YELLOW,CAPSULE,16590-782,SEROQUEL,C42931,165900782,SEROQUEL;400,165900782.jpg,1,2.0,data/pillbox_production_images_full_202008/165900782.jpg,1,11
7449,3263,39600,YELLOW,ROUND,51285-092,LOSEASONIQUE,C42931,51285009287PART2OF2,b;556,51285009287part2of2.jpg,1,2.0,data/pillbox_production_images_full_202008/51285009287part2of2.jpg,10,11
4041,4794,19684,ORANGE,DIAMOND,61958-1801,HARVONI,C42931,619581801,GSI;7985,619581801.jpg,1,2.0,data/pillbox_production_images_full_202008/619581801.jpg,2,5
65,1192,36904,WHITE,CAPSULE,50458-645,TOPAMAX,C42896,504580645,TOP;25mg,504580645.jpg,1,2.0,data/pillbox_production_images_full_202008/504580645.jpg,1,10
6574,7963,37638,WHITE,ROUND,0597-0190,MIRAPEX,C42998,005970190,BI;BI;90;90,005970190.jpg,1,4.0,data/pillbox_production_images_full_202008/005970190.jpg,10,10
6961,4361,35834,BROWN,OVAL,64679-787,"CARBIDOPA, LEVODOPA AND ENTACAPONE",C42931,646790787,W787,646790787.jpg,1,1.0,data/pillbox_production_images_full_202008/646790787.jpg,7,2
5501,224,25983,GREEN,CAPSULE,0597-0075,SPIRIVA,C25158,005970075,TI;01,005970075.jpg,1,2.0,data/pillbox_production_images_full_202008/005970075.jpg,1,4
1297,5766,42447,WHITE,ROUND,0904-6408,DONEPEZIL HYDROCHLORIDE,C42931,009046408,L160,009046408.jpg,1,1.0,data/pillbox_production_images_full_202008/009046408.jpg,10,10
1421,694,44597,BLUE,CAPSULE,0904-6088,SERTRALINE HYDROCHLORIDE TABLETS,C42931,009046088,W;57,009046088.jpg,1,2.0,data/pillbox_production_images_full_202008/009046088.jpg,1,1
3102,5869,12912,WHITE,ROUND,23155-071,METHIMAZOLE,C42998,231550071,HP;71,231550071.jpg,1,2.0,data/pillbox_production_images_full_202008/231550071.jpg,10,10
5296,6462,10593,PINK,ROUND,0904-5891,PRAVASTATIN SODIUM,C42998,009045891,APO;PRA;10,009045891.jpg,1,3.0,data/pillbox_production_images_full_202008/009045891.jpg,10,6
4077,2700,26606,WHITE,OVAL,0074-6633,NORVIR,C25158,000746633,100;DS,000746633.jpg,1,2.0,data/pillbox_production_images_full_202008/000746633.jpg,7,10
683,786,4032,WHITE,ROUND,53489-328,SPIRONOLACTONE,C42931,53489-0328-01_NLMIMAGE10_D94AECE7,MP;542,53489-0328-01_NLMIMAGE10_D94AECE7.jpg,1,2.0,data/pillbox_production_images_full_202008/53489-0328-01_NLMIMAGE10_D94AECE7.jpg,10,10
6095,2375,26890,WHITE,ROUND,0093-5260,ALMOTRIPTAN MALATE,C42931,00093-5260-18_NLMIMAGE10_10440850,93;A1,00093-5260-18_NLMIMAGE10_10440850.jpg,1,2.0,data/pillbox_production_images_full_202008/00093-5260-18_NLMIMAGE10_10440850.jpg,10,10
334,8527,11285,WHITE,ROUND,55289-223,TRAZODONE HYDROCHLORIDE,C42998,50111043401,PLIVA;434,50111043401.jpg,1,2.0,data/pillbox_production_images_full_202008/50111043401.jpg,10,10
2024,6305,35255,PURPLE,ROUND,60429-305,BUPROPION HYDROCHLORIDE,C42930,604290305,A160,604290305.jpg,1,1.0,data/pillbox_production_images_full_202008/604290305.jpg,10,7
1163,8635,37269,PINK,ROUND,68968-4492,LITHOBID,C42930,689684492,LITHOBID;300,689684492.jpg,1,2.0,data/pillbox_production_images_full_202008/689684492.jpg,10,6
1302,8957,15580,WHITE,ROUND,68084-820,ORPHENADRINE CITRATE,C42927,8D696B8C-EB9B-505E-E053-2995A90ACB5D,G;2011,8d696b8c-eb9b-505e-e053-2995a90acb5d.jpg,1,2.0,data/pillbox_production_images_full_202008/8d696b8c-eb9b-505e-e053-2995a90acb5d.jpg,10,10
1595,8776,17191,ORANGE,ROUND,60429-207,LISINOPRIL,C42998,604290207,M;L23,604290207.jpg,1,2.0,data/pillbox_production_images_full_202008/604290207.jpg,10,5
6356,6977,38607,WHITE,OVAL,0093-0155,TOPIRAMATE,C42998,00093-0155-06_BA295D5A,93;155,00093-0155-06_BA295D5A.jpg,1,2.0,data/pillbox_production_images_full_202008/00093-0155-06_BA295D5A.jpg,7,10
2623,2282,11145,WHITE,OVAL,62037-830,METOPROLOL SUCCINATE,C42930,62037-0830-10_7512BA95,M,62037-0830-10_7512BA95.jpg,1,1.0,data/pillbox_production_images_full_202008/62037-0830-10_7512BA95.jpg,7,10
5938,3675,6235,RED,CAPSULE,0078-0241,SANDIMMUNE,C42954,000780241,78;241,000780241.jpg,1,2.0,data/pillbox_production_images_full_202008/000780241.jpg,1,8
5821,6920,21400,ORANGE,CAPSULE,59762-5028,GABAPENTIN,C25158,597625028,G;5028,597625028.jpg,1,2.0,data/pillbox_production_images_full_202008/597625028.jpg,1,5
2778,308,22633,YELLOW,OVAL,0093-5710,GLYBURIDE AND METFORMIN HYDROCHLORIDE,C42931,00093-5710-01_3F2B9FCC,5710;1;25;250,00093-5710-01_3F2B9FCC.jpg,1,4.0,data/pillbox_production_images_full_202008/00093-5710-01_3F2B9FCC.jpg,7,11
4086,426,38158,PINK,OVAL,0093-5353,PROGESTERONE,C42954,00093535301,TV;A18,00093535301.jpg,1,2.0,data/pillbox_production_images_full_202008/00093535301.jpg,7,6
4863,7683,35636,WHITE,ROUND,76282-239,AMLODIPINE BESYLATE,C42998,762820239,239;IG,762820239.jpg,1,2.0,data/pillbox_production_images_full_202008/762820239.jpg,10,10
6968,5285,19227,WHITE,OVAL,0075-7700,RILUTEK,C42931,00075-7700-60_E51C72E3,RPR;202,00075-7700-60_E51C72E3.jpg,1,2.0,data/pillbox_production_images_full_202008/00075-7700-60_E51C72E3.jpg,7,10
5981,1062,18221,WHITE,ROUND,52544-276,MICROGESTIN,C42998,525440276,PD;915,525440276.jpg,1,2.0,data/pillbox_production_images_full_202008/525440276.jpg,10,10
7069,821,43304,WHITE,ROUND,63304-311,PIOGLITAZONE,C42998,633040311,ACTOS;15,633040311.jpg,1,2.0,data/pillbox_production_images_full_202008/633040311.jpg,10,10
4338,8939,46362,YELLOW,OVAL,0093-8164,QUETIAPINE,C42931,000938164,93;8164,000938164.jpg,1,2.0,data/pillbox_production_images_full_202008/000938164.jpg,7,11
1057,6647,7648,PURPLE,ROUND,43353-767,BUPROPION HYDROCHLORIDE,C42931,433530767,GG930,433530767.jpg,1,1.0,data/pillbox_production_images_full_202008/433530767.jpg,10,7
1844,2166,27337,BROWN,ROUND,0172-4357,RANITIDINE,C42931,00172-4357-49_622DB11D,4357;150,00172-4357-49_622DB11D.jpg,1,2.0,data/pillbox_production_images_full_202008/00172-4357-49_622DB11D.jpg,10,2
6419,6477,45479,RED,CAPSULE,0185-0799,RIFAMPIN,C25158,001850799,E799,001850799.jpg,1,1.0,data/pillbox_production_images_full_202008/001850799.jpg,1,8
1027,5068,37726,WHITE,PENTAGON (5 SIDED),49884-087,DEXAMETHASONE,C42998,498840087,par;087,498840087.jpg,1,2.0,data/pillbox_production_images_full_202008/498840087.jpg,8,10
5835,5803,12261,BLUE,OVAL,0002-4415,ZYPREXA,C42998,000024415,LILLY;4415,000024415.jpg,1,2.0,data/pillbox_production_images_full_202008/000024415.jpg,7,1
6813,5088,12703,GREEN,OVAL,68084-326,GLIMEPIRIDE,C42998,8DBC2ED6-664F-F985-E053-2995A90A1BFB,RDY;3;21,8dbc2ed6-664f-f985-e053-2995a90a1bfb.jpg,1,3.0,data/pillbox_production_images_full_202008/8dbc2ed6-664f-f985-e053-2995a90a1bfb.jpg,7,4
503,3001,43481,GREEN,ROUND,0228-3086,ALPRAZOLAM,C42927,002283086,R;86,002283086.jpg,1,2.0,data/pillbox_production_images_full_202008/002283086.jpg,10,4
4808,1499,39816,PINK,OVAL,64764-080,AMITIZA,C42936,647640080,SPI,647640080.jpg,1,1.0,data/pillbox_production_images_full_202008/647640080.jpg,7,6
6592,6447,73395,WHITE,ROUND,61919-715,GLIPIZIDE,C42930,NO_PRODUCT_IMAGE,P;10,no_product_image.jpg,1,2.0,data/pillbox_production_images_full_202008/no_product_image.jpg,10,10
1992,4002,33319,WHITE,ROUND,63304-622,ATENOLOL,C42998,633040622,RE;20,633040622.jpg,1,2.0,data/pillbox_production_images_full_202008/633040622.jpg,10,10
1438,525,21525,PINK,ROUND,23155-004,HYDRALAZINE HYDROCHLORIDE,C42931,231550004,HP;4,231550004.jpg,1,2.0,data/pillbox_production_images_full_202008/231550004.jpg,10,6
6381,3088,32882,WHITE,CAPSULE,0093-5297,METHYLPHENIDATE HYDROCHLORIDE,C42916,00093-5297-01_NLMIMAGE10_3C421E30,93;5297;93;5297,00093-5297-01_NLMIMAGE10_3C421E30.jpg,2,4.0,data/pillbox_production_images_full_202008/00093-5297-01_NLMIMAGE10_3C421E30.jpg,1,10
5590,6659,33235,BLUE,ROUND,43353-367,OXYBUTYNIN CHLORIDE,C42998,433530367,4853;V,433530367.jpg,1,2.0,data/pillbox_production_images_full_202008/433530367.jpg,10,1
7402,8844,18369,WHITE,OVAL,43547-250,METFORMIN HYDROCHLORIDE,C42931,43547-0250-10_D708EBC7,I47,43547-0250-10_D708EBC7.jpg,1,1.0,data/pillbox_production_images_full_202008/43547-0250-10_D708EBC7.jpg,7,10
1535,5672,21404,ORANGE,ROUND,0378-2099,NISOLDIPINE,C42930,003782099,M;NE;34,003782099.jpg,1,3.0,data/pillbox_production_images_full_202008/003782099.jpg,10,5
2302,219,35253,WHITE,ROUND,0115-2790,CHLOROQUINE PHOSPHATE,C42998,001152790,0115;2790,001152790.jpg,1,2.0,data/pillbox_production_images_full_202008/001152790.jpg,10,10
7487,3584,39960,WHITE,ROUND,0143-1475,PREDNISONE,C42998,00143-1475-01_B7205BF2,West;ward;475,00143-1475-01_B7205BF2.jpg,1,3.0,data/pillbox_production_images_full_202008/00143-1475-01_B7205BF2.jpg,10,10
393,5907,46214,ORANGE,CAPSULE,0555-0792,"DEXTROAMPHETAMINE SACCHARATE, AMPHETAMINE ASPARTATE, DEXTROAMPHETAMINE SULFATE, AND AMPHETAMINE SULFATE",C42916,00555-0792-02_NLMIMAGE10_D641EB0F,M;Amphet;Salts;25;mg,00555-0792-02_NLMIMAGE10_D641EB0F.jpg,2,5.0,data/pillbox_production_images_full_202008/00555-0792-02_NLMIMAGE10_D641EB0F.jpg,1,5
5273,2689,15124,PINK,CAPSULE,13107-006,CITALOPRAM,C42998,13107-0006-05_1D050ED8,A;0;6,13107-0006-05_1D050ED8.jpg,1,3.0,data/pillbox_production_images_full_202008/13107-0006-05_1D050ED8.jpg,1,6
2268,6950,32558,WHITE,OVAL,29300-136,CLONIDINE HYDROCHLORIDE,C42998,29300-0136-05_NLMIMAGE10_BD48DEF6,U;136,29300-0136-05_NLMIMAGE10_BD48DEF6.jpg,1,2.0,data/pillbox_production_images_full_202008/29300-0136-05_NLMIMAGE10_BD48DEF6.jpg,7,10
1940,1659,39530,YELLOW,ROUND,51285-080,LOESTRIN FE 1/20,C42998,51285-0080-70_NLMIMAGE10_402FA00D,b;977,51285-0080-70_NLMIMAGE10_402FA00D.jpg,1,2.0,data/pillbox_production_images_full_202008/51285-0080-70_NLMIMAGE10_402FA00D.jpg,10,11
2855,1387,15251,WHITE,OVAL,0378-3568,ALENDRONATE SODIUM,C42998,003783568,M;A11,003783568.jpg,1,2.0,data/pillbox_production_images_full_202008/003783568.jpg,7,10
2796,9490,56091,PINK,OVAL,70518-0727,WARFARIN SODIUM,C42998,00093171201,TV;1;1712,00093171201.jpg,1,3.0,data/pillbox_production_images_full_202008/00093171201.jpg,7,6
4629,1942,12426,WHITE,ROUND,60505-3111,OLANZAPINE,C42931,605053111,APO;OLA;5,605053111.jpg,1,3.0,data/pillbox_production_images_full_202008/605053111.jpg,10,10
6477,4438,4149,GRAY,DIAMOND,60429-354,LAMIVUDINE,C42931,604290354,APO;LMV;300,604290354.jpg,1,3.0,data/pillbox_production_images_full_202008/604290354.jpg,2,3
2689,3610,3098,YELLOW,OVAL,0228-3661,ROPINIROLE,C42930,002283661,661,002283661.jpg,1,1.0,data/pillbox_production_images_full_202008/002283661.jpg,7,11
3612,4773,32563,BROWN,ROUND,0456-0459,ARMOUR THYROID,C42998,00456-0459-01_760EBB35,A;TE,00456-0459-01_760EBB35.jpg,1,2.0,data/pillbox_production_images_full_202008/00456-0459-01_760EBB35.jpg,10,2
2304,287,60474,PINK,OVAL,71687-3006,PAMPRIN MAX MENSTRUAL PAIN RELIEF,C42931,NO_PRODUCT_IMAGE,MAX,no_product_image.jpg,2,1.0,data/pillbox_production_images_full_202008/no_product_image.jpg,7,6
6344,579,23355,ORANGE,OVAL,0378-1743,CIPROFLOXACIN,C42930,003781743,M;1743,003781743.jpg,1,2.0,data/pillbox_production_images_full_202008/003781743.jpg,7,5
7544,7160,19299,WHITE,OVAL,68180-115,LEVETIRACETAM,C42931,68180-0115-07_NLMIMAGE10_3A081D50,L;U;X04,68180-0115-07_NLMIMAGE10_3A081D50.jpg,1,3.0,data/pillbox_production_images_full_202008/68180-0115-07_NLMIMAGE10_3A081D50.jpg,7,10
2245,4241,31958,PURPLE,FREEFORM,67386-303,TRANXENE,C42998,673860303,T;OV;33,673860303.jpg,1,3.0,data/pillbox_production_images_full_202008/673860303.jpg,4,7
2126,3025,19098,BLUE,ROUND,0555-9032,TRI-LEGEST FE,C42998,00555-9032-70_NLMIMAGE10_5B2FAD8D,b;713,00555-9032-70_NLMIMAGE10_5B2FAD8D.jpg,1,2.0,data/pillbox_production_images_full_202008/00555-9032-70_NLMIMAGE10_5B2FAD8D.jpg,10,1
858,6519,42619,ORANGE,CAPSULE,60429-123,VENLAFAXINE HYDROCHLORIDE,C42916,604290123,ZA;37;150;mg,604290123.jpg,2,4.0,data/pillbox_production_images_full_202008/604290123.jpg,1,5
3217,3693,25846,PINK,CAPSULE,68180-757,AMLODIPINE BESYLATE AND BENAZEPRIL HYDROCHLORIDE,C25158,68180-0757-01_NLMIMAGE10_553DAAED,LU;E13,68180-0757-01_NLMIMAGE10_553DAAED.jpg,1,2.0,data/pillbox_production_images_full_202008/68180-0757-01_NLMIMAGE10_553DAAED.jpg,1,6
1261,5218,28272,WHITE,OVAL,63304-503,AMLODIPINE BESYLATE AND ATORVASTATIN CALCIUM,C42931,633040503,CDT;254,633040503.jpg,1,2.0,data/pillbox_production_images_full_202008/633040503.jpg,7,10
3475,4822,31784,WHITE,OVAL,60687-103,FAMCICLOVIR,C42931,864765DD-5247-C5BF-E053-2991AA0A70BD,APO;FAM500,864765dd-5247-c5bf-e053-2991aa0a70bd.jpg,1,2.0,data/pillbox_production_images_full_202008/864765dd-5247-c5bf-e053-2991aa0a70bd.jpg,7,10
4416,8479,45983,YELLOW,OVAL,50474-595,KEPPRA,C42931,50474-0595-40_EC15F63F,ucb;500,50474-0595-40_EC15F63F.jpg,1,2.0,data/pillbox_production_images_full_202008/50474-0595-40_EC15F63F.jpg,7,11
7744,4995,6113,PINK,CAPSULE,60429-138,URSODIOL,C25158,604290138,E503,604290138.jpg,2,1.0,data/pillbox_production_images_full_202008/604290138.jpg,1,6
1221,7689,35271,ORANGE,CAPSULE,0555-1056,CLARAVIS,C42954,00555105686,barr;454,00555105686.jpg,1,2.0,data/pillbox_production_images_full_202008/00555105686.jpg,1,5
7541,8555,33488,WHITE,ROUND,60505-3162,LOSARTAN POTASSIUM,C42931,605053162,APO;LS;100,605053162.jpg,1,3.0,data/pillbox_production_images_full_202008/605053162.jpg,10,10
319,1373,8653,YELLOW,ROUND,0378-0185,PROPRANOLOL HYDROCHLORIDE,C42998,003780185,MYLAN;185;80,003780185.jpg,1,3.0,data/pillbox_production_images_full_202008/003780185.jpg,10,11
7637,3777,32109,WHITE,ROUND,65162-627,TRAMADOL HYDROCHLORIDE,C42897,65162-0627-11_5212A925,AN;627,65162-0627-11_5212A925.jpg,1,2.0,data/pillbox_production_images_full_202008/65162-0627-11_5212A925.jpg,10,10
773,4778,42091,WHITE,CAPSULE,57664-166,METOPROLOL TARTRATE,C42998,57664-0166-58_NLMIMAGE10_043F826C,166,57664-0166-58_NLMIMAGE10_043F826C.jpg,1,1.0,data/pillbox_production_images_full_202008/57664-0166-58_NLMIMAGE10_043F826C.jpg,1,10
7810,3117,25905,BLUE,CAPSULE,0378-6440,VERAPAMIL HYDROCHLORIDE,C42916,00378-6440-01_E21DF16F,MYLAN;6440,00378-6440-01_E21DF16F.jpg,1,2.0,data/pillbox_production_images_full_202008/00378-6440-01_E21DF16F.jpg,1,1
1880,7983,26909,WHITE,OVAL,0093-2263,AMOXICILLIN,C42931,00093-2263-01_0029803C,93;2263,00093-2263-01_0029803C.jpg,1,2.0,data/pillbox_production_images_full_202008/00093-2263-01_0029803C.jpg,7,10
4192,3162,26999,WHITE,CAPSULE,0093-4337,TERAZOSIN HYDROCHLORIDE,C25158,000934337,4337;2;mg,000934337.jpg,1,3.0,data/pillbox_production_images_full_202008/000934337.jpg,1,10
6589,2511,37958,WHITE,OVAL,0781-1943,AMOXICILLIN AND CLAVULANATE POTASSIUM,C42963,00781-1943-39_870443C2,SZ137,00781-1943-39_870443C2.jpg,1,1.0,data/pillbox_production_images_full_202008/00781-1943-39_870443C2.jpg,7,10
5110,1445,24232,GREEN,OVAL,0093-8192,CIMETIDINE,C42931,000938192,N192;300,000938192.jpg,1,2.0,data/pillbox_production_images_full_202008/000938192.jpg,7,4
7812,6834,34262,ORANGE,ROUND,0172-2089,HYDROCHLOROTHIAZIDE,C42998,00172-2089-60_9C26CE66,TEVA;2089,00172-2089-60_9C26CE66.jpg,1,2.0,data/pillbox_production_images_full_202008/00172-2089-60_9C26CE66.jpg,10,5
6119,5406,49608,PINK,ROUND,60687-245,ROSUVASTATIN CALCIUM,C42931,82CF84A7-C2C2-79FA-E053-2A91AA0AF0CC,I;30,82cf84a7-c2c2-79fa-e053-2a91aa0af0cc.jpg,1,2.0,data/pillbox_production_images_full_202008/82cf84a7-c2c2-79fa-e053-2a91aa0af0cc.jpg,10,6
509,6912,73151,WHITE,CAPSULE,60687-468,IBUPROFEN,C42998,53746-0466-05_8B0845D2,IP;466,53746-0466-05_8B0845D2.jpg,1,2.0,data/pillbox_production_images_full_202008/53746-0466-05_8B0845D2.jpg,1,10
3424,3035,51569,WHITE,ROUND,0360-0349,SILICON DIOXIDE,C42998,NO_PRODUCT_IMAGE,,no_product_image.jpg,1,,data/pillbox_production_images_full_202008/no_product_image.jpg,10,10
1042,2909,30542,YELLOW,OVAL,52244-450,LEVATOL,C42998,522440450,SP;22,522440450.jpg,1,2.0,data/pillbox_production_images_full_202008/522440450.jpg,7,11
4638,8817,36715,GRAY,CAPSULE,0187-3555,ANCOBON,C25158,001873555,ANCOBON;500;ICN,001873555.jpg,2,3.0,data/pillbox_production_images_full_202008/001873555.jpg,1,3
7455,9321,41215,BLUE,OVAL,63187-218,FLUOXETINE,C42931,00093-7188-56_SPLIMAGE30_F92D7CCB,7188;9;3,00093-7188-56_SPLIMAGE30_F92D7CCB.jpg,1,3.0,data/pillbox_production_images_full_202008/00093-7188-56_SPLIMAGE30_F92D7CCB.jpg,7,1
4899,4653,37125,WHITE,OVAL,0378-1803,LEVOTHYROXINE SODIUM,C42998,00378-1803-01_2A23950C,M;L;5,00378-1803-01_2A23950C.jpg,1,3.0,data/pillbox_production_images_full_202008/00378-1803-01_2A23950C.jpg,7,10
230,742,34906,WHITE,OVAL,16252-516,CIPROFLOXACIN,C42931,16252-0516-05_D61FEB7F,CR;750,16252-0516-05_D61FEB7F.jpg,1,2.0,data/pillbox_production_images_full_202008/16252-0516-05_D61FEB7F.jpg,7,10
7015,7006,46583,WHITE,ROUND,60429-231,TRIHEXYPHENIDYL HYDROCHLORIDE,C42998,604290231,W;4,604290231.jpg,1,2.0,data/pillbox_production_images_full_202008/604290231.jpg,10,10
996,1218,23795,BLUE,ROUND,66758-110,KLOR-CON,C42930,667580110,KC;8,667580110.jpg,1,2.0,data/pillbox_production_images_full_202008/667580110.jpg,10,1
6333,1738,38602,BLUE,ROUND,59762-0540,GLIPIZIDE,C42927,597620540,GXL;2;5,597620540.jpg,1,3.0,data/pillbox_production_images_full_202008/597620540.jpg,10,1
5282,7363,68489,ORANGE,ROUND,49035-048,ASSORTED FRUIT ANTACID FLAVOR CHEWS,C42893,77CE3B3A-0003-37AC-E053-2991AA0A6AF6,,77ce3b3a-0003-37ac-e053-2991aa0a6af6.jpg,1,,data/pillbox_production_images_full_202008/77ce3b3a-0003-37ac-e053-2991aa0a6af6.jpg,10,5
33,5520,26801,WHITE,ROUND,50580-496,TYLENOL,C42998,50580-0496-60_FF03FFBF,TYLENOL;325,50580-0496-60_FF03FFBF.jpg,1,2.0,data/pillbox_production_images_full_202008/50580-0496-60_FF03FFBF.jpg,10,10
5072,717,22449,WHITE,ROUND,0172-3650,GLIPIZIDE,C42998,00172365070,9200;TEVA,00172365070.jpg,1,2.0,data/pillbox_production_images_full_202008/00172365070.jpg,10,10
800,358,43449,WHITE,ROUND,51285-103,AFTERA,C42998,51285010388,G00,51285010388.jpg,1,1.0,data/pillbox_production_images_full_202008/51285010388.jpg,10,10
5652,577,19298,WHITE,OVAL,0456-4040,CELEXA,C42931,004564040,F;P;40;MG,004564040.jpg,1,4.0,data/pillbox_production_images_full_202008/004564040.jpg,7,10
6667,1400,45342,YELLOW,ROUND,0527-1535,DOXYCYCLINE,C42931,00527-1535-01_NLMIMAGE10_20471008,LCI;1535,00527-1535-01_NLMIMAGE10_20471008.jpg,1,2.0,data/pillbox_production_images_full_202008/00527-1535-01_NLMIMAGE10_20471008.jpg,10,11
970,3310,5982,BROWN,ROUND,53489-331,IMIPRAMINE HYDROCHLORIDE,C42931,53489-0331-01_17078BDC,MP;8,53489-0331-01_17078BDC.jpg,1,2.0,data/pillbox_production_images_full_202008/53489-0331-01_17078BDC.jpg,10,2
61,4045,39407,WHITE,CAPSULE,0781-2811,OXAZEPAM,C25158,007812811,GG507,007812811.jpg,1,1.0,data/pillbox_production_images_full_202008/007812811.jpg,1,10
3014,1146,20433,WHITE,ROUND,53489-511,TRAZODONE HYDROCHLORIDE,C42931,53489-0511-01_50242801,MP;114,53489-0511-01_50242801.jpg,1,2.0,data/pillbox_production_images_full_202008/53489-0511-01_50242801.jpg,10,10
1954,827,22587,YELLOW,ROUND,0093-0293,CARBIDOPA AND LEVODOPA,C42998,00093029301,93;293;TEVA,00093029301.jpg,1,3.0,data/pillbox_production_images_full_202008/00093029301.jpg,10,11
5948,7827,24017,RED,ROUND,43547-336,BENAZEPRIL HYDROCHLORIDE,C42897,43547-0336-10_NLMIMAGE10_F139F8FF,S;342,43547-0336-10_NLMIMAGE10_F139F8FF.jpg,1,2.0,data/pillbox_production_images_full_202008/43547-0336-10_NLMIMAGE10_F139F8FF.jpg,10,8
4074,8783,42385,WHITE,CAPSULE,63304-652,ACYCLOVIR,C25158,633040652,RX652,633040652.jpg,1,1.0,data/pillbox_production_images_full_202008/633040652.jpg,1,10
6444,9723,26270,WHITE,CAPSULE,0093-5554,DEXMETHYLPHENIDATE HYDROCHLORIDE,C42916,00093555401,TEVA;5554,00093555401.jpg,2,2.0,data/pillbox_production_images_full_202008/00093555401.jpg,1,10
3996,3221,19594,GREEN,CAPSULE,65862-011,SERTRALINE HYDROCHLORIDE,C42931,658620011,A;1;6,658620011.jpg,1,3.0,data/pillbox_production_images_full_202008/658620011.jpg,1,4
7759,7968,56399,WHITE,OVAL,68071-4106,AZITHROMYCIN,C42931,50111078766,PLIVA;787,50111078766.jpg,1,2.0,data/pillbox_production_images_full_202008/50111078766.jpg,7,10
4173,9013,51467,WHITE,ROUND,0360-0061,BELLADONNA,C42998,NO_PRODUCT_IMAGE,,no_product_image.jpg,1,,data/pillbox_production_images_full_202008/no_product_image.jpg,10,10
7815,132,2767,PINK,ROUND,50419-702,ADALAT CC,C42931,50419-0702-05_SPLIMAGE30_531929C9,60;ADALAT;CC,50419-0702-05_SPLIMAGE30_531929C9.jpg,1,3.0,data/pillbox_production_images_full_202008/50419-0702-05_SPLIMAGE30_531929C9.jpg,10,6
1053,6001,5108,WHITE,ROUND,0093-5060,HYDROXYZINE HYDROCHLORIDE,C42931,00093-5060-01_NLMIMAGE10_28381470,TV;307,00093-5060-01_NLMIMAGE10_28381470.jpg,1,2.0,data/pillbox_production_images_full_202008/00093-5060-01_NLMIMAGE10_28381470.jpg,10,10
5038,687,3419,WHITE,CAPSULE,52343-044,ZIDOVUDINE,C25158,523430044,D;01,523430044.jpg,1,2.0,data/pillbox_production_images_full_202008/523430044.jpg,1,10
1966,5081,39187,WHITE,OVAL,43353-422,HYDROCODONE BITARTRATE AND ACETAMINOPHEN,C42998,433530422,M360,433530422.jpg,1,1.0,data/pillbox_production_images_full_202008/433530422.jpg,7,10
994,2983,36769,YELLOW,OVAL,42937-704,SALSALATE,C42931,429370704,704,429370704.jpg,1,1.0,data/pillbox_production_images_full_202008/429370704.jpg,7,11
5551,5341,24731,WHITE,ROUND,0093-0784,TAMOXIFEN CITRATE,C42931,00093078406,93;784,00093078406.jpg,1,2.0,data/pillbox_production_images_full_202008/00093078406.jpg,10,10
2986,9307,8582,WHITE,ROUND,68084-823,METHYLPHENIDATE HYDROCHLORIDE,C42998,88CB62CB-D186-8799-E053-2A95A90A621F,10;M,88cb62cb-d186-8799-e053-2a95a90a621f.jpg,1,2.0,data/pillbox_production_images_full_202008/88cb62cb-d186-8799-e053-2a95a90a621f.jpg,10,10
353,3341,21300,YELLOW,ROUND,13668-103,DONEPEZIL HYDROCHLORIDE,C42931,136680103,10,136680103.jpg,1,1.0,data/pillbox_production_images_full_202008/136680103.jpg,10,11
3780,4242,15702,TURQUOISE,ROUND,76282-333,WARFARIN SODIUM,C42998,762820333,IG;W;6,762820333.jpg,1,3.0,data/pillbox_production_images_full_202008/762820333.jpg,10,9
6831,181,42667,YELLOW,ROUND,0555-9010,NORTREL,C42998,00555901058PART1OF2,b;949,00555901058part1of2.jpg,1,2.0,data/pillbox_production_images_full_202008/00555901058part1of2.jpg,10,11
7091,2044,40662,WHITE,ROUND,0555-0873,MEDROXYPROGESTERONE ACETATE,C42998,00555-0873-02_NLMIMAGE10_BA305D62,555;873;b,00555-0873-02_NLMIMAGE10_BA305D62.jpg,1,3.0,data/pillbox_production_images_full_202008/00555-0873-02_NLMIMAGE10_BA305D62.jpg,10,10
5239,5624,55030,WHITE,ROUND,60687-312,BUPROPION HYDROCHLORIDE,C42930,8B48BC2A-71D9-430A-E053-2995A90AFB5B,A101,8b48bc2a-71d9-430a-e053-2995a90afb5b.jpg,1,1.0,data/pillbox_production_images_full_202008/8b48bc2a-71d9-430a-e053-2995a90afb5b.jpg,10,10
1168,3038,29471,BLUE,CAPSULE,0085-1425,TEMODAR,C25158,000851425,TEMODAR;140;mg,000851425.jpg,2,3.0,data/pillbox_production_images_full_202008/000851425.jpg,1,1
4047,8518,3994,WHITE,CAPSULE,0781-2228,THIOTHIXENE,C25158,007812228,GG597,007812228.jpg,1,1.0,data/pillbox_production_images_full_202008/007812228.jpg,1,10
5460,3923,47000,BLUE,ROUND,0228-2620,ISOSORBIDE MONONITRATE,C42998,002282620,R;620,002282620.jpg,1,2.0,data/pillbox_production_images_full_202008/002282620.jpg,10,1
7700,994,18116,PINK,CAPSULE,24658-304,SIMVASTATIN,C42931,246580304,B304;80,246580304.jpg,1,2.0,data/pillbox_production_images_full_202008/246580304.jpg,1,6
79,6215,72747,YELLOW,OVAL,61919-734,PRAVASTATIN SODIUM,C42998,NO_PRODUCT_IMAGE,PB;4,no_product_image.jpg,1,2.0,data/pillbox_production_images_full_202008/no_product_image.jpg,7,11
4668,801,28237,WHITE,OVAL,0172-5311,CIPROFLOXACIN,C42931,00172-5311-60_04280270,TEVA;5311,00172-5311-60_04280270.jpg,1,2.0,data/pillbox_production_images_full_202008/00172-5311-60_04280270.jpg,7,10
2251,3081,4050,WHITE,OVAL,45802-650,LORATADINE,C42998,458020650,L612,458020650.jpg,1,1.0,data/pillbox_production_images_full_202008/458020650.jpg,7,10
5606,8735,43794,YELLOW,OVAL,68084-221,ONDANSETRON HYDROCHLORIDE,C42931,65862-0188-30_RXNAVIMAGE10_514EA8A5,F;92,65862-0188-30_RXNAVIMAGE10_514EA8A5.jpg,1,2.0,data/pillbox_production_images_full_202008/65862-0188-30_RXNAVIMAGE10_514EA8A5.jpg,7,11
6319,3601,42154,BLUE,CAPSULE,0406-9959,TEMAZEPAM,C25158,004069959,FOR;SLEEP;M;22;5;mg,004069959.jpg,1,6.0,data/pillbox_production_images_full_202008/004069959.jpg,1,1
4176,748,34103,BLACK,CAPSULE,16714-439,NITROFURANTOIN (MONOHYDRATE/MACROCRYSTALS),C25158,16714-0439-01_NLMIMAGE10_D544EAA7,E122,16714-0439-01_NLMIMAGE10_D544EAA7.jpg,2,1.0,data/pillbox_production_images_full_202008/16714-0439-01_NLMIMAGE10_D544EAA7.jpg,1,0
4307,5235,36547,BLUE,CAPSULE,0054-0382,CYCLOPHOSPHAMIDE,C25158,000540382,54;006,000540382.jpg,1,2.0,data/pillbox_production_images_full_202008/000540382.jpg,1,1
4436,9435,3619,BROWN,ROUND,10544-157,AMITRIPTYLINE HYDROCHLORIDE,C42931,AMITRIPTYLINE_HCL_50_MG,2103;V,Amitriptyline_HCl_50_MG.jpg,1,2.0,data/pillbox_production_images_full_202008/Amitriptyline_HCl_50_MG.jpg,10,2
6896,8538,3333,PURPLE,CAPSULE,0573-2450,NEXIUM 24HR,C42902,005732450,NEXIUM;20;mg,005732450.jpg,1,3.0,data/pillbox_production_images_full_202008/005732450.jpg,1,7
7538,6024,27227,WHITE,ROUND,67253-660,PYRAZINAMIDE,C42998,672530660,S;660,672530660.jpg,1,2.0,data/pillbox_production_images_full_202008/672530660.jpg,10,10
1277,8784,22492,YELLOW,OVAL,0603-3887,HYDROCODONE BITARTRATE AND ACETAMINOPHEN,C42998,006033887,3601;V,006033887.jpg,1,2.0,data/pillbox_production_images_full_202008/006033887.jpg,7,11
982,1263,25130,YELLOW,CAPSULE,65862-082,GLYBURIDE AND METFORMIN HYDROCHLORIDE,C42931,65862-0082-05_NLMIMAGE10_00468004,A;48,65862-0082-05_NLMIMAGE10_00468004.jpg,1,2.0,data/pillbox_production_images_full_202008/65862-0082-05_NLMIMAGE10_00468004.jpg,1,11
4512,3551,3184,WHITE,OVAL,66582-311,VYTORIN,C42998,665820311,311,665820311.jpg,1,1.0,data/pillbox_production_images_full_202008/665820311.jpg,7,10
6875,9280,24462,WHITE,OVAL,68084-643,PANTOPRAZOLE SODIUM,C42905,6CF5FA73-AF2E-881E-E053-2991AA0A7EC6,KU;180,6cf5fa73-af2e-881e-e053-2991aa0a7ec6.jpg,1,2.0,data/pillbox_production_images_full_202008/6cf5fa73-af2e-881e-e053-2991aa0a7ec6.jpg,7,10
706,5152,41227,WHITE,ROUND,50268-113,BETHANECHOL CHLORIDE,C42998,502680113,AN;572,502680113.jpg,1,2.0,data/pillbox_production_images_full_202008/502680113.jpg,10,10
1074,2720,23416,WHITE,CAPSULE,55466-105,LEVO-T,C42998,2356C567-01D8-0827-E054-00144FF88E88,50;GG;332,2356c567-01d8-0827-e054-00144ff88e88.jpg,1,3.0,data/pillbox_production_images_full_202008/2356c567-01d8-0827-e054-00144ff88e88.jpg,1,10
2487,6746,3753,WHITE,ROUND,0054-0142,ACARBOSE,C42998,000540142,54;251,000540142.jpg,1,2.0,data/pillbox_production_images_full_202008/000540142.jpg,10,10
5428,9194,37995,YELLOW,ROUND,63739-668,DONEPEZIL HYDROCHLORIDE,C42931,637390668,RC26,637390668.jpg,1,1.0,data/pillbox_production_images_full_202008/637390668.jpg,10,11
7356,5325,34588,YELLOW,OVAL,68084-524,POTASSIUM CHLORIDE,C42930,10_MEQ_POTASSIUM_CHLORIDE_ER_TABLET,a;KTAB,10_mEq_Potassium_Chloride_ER_Tablet.jpg,1,2.0,data/pillbox_production_images_full_202008/10_mEq_Potassium_Chloride_ER_Tablet.jpg,7,11
1242,9437,10845,WHITE,ROUND,42291-160,BENAZEPRIL HYDROCHLORIDE,C42998,422910160,51;A,422910160.jpg,1,2.0,data/pillbox_production_images_full_202008/422910160.jpg,10,10
4610,9325,33546,ORANGE,CAPSULE,63739-512,VENLAFAXINE HYDROCHLORIDE,C42916,00093738656,93;7386;93;7386,00093738656.jpg,1,4.0,data/pillbox_production_images_full_202008/00093738656.jpg,1,5
1562,4427,40854,BLUE,OVAL,0069-0469,CHANTIX,C42931,000690469,Pfizer;CHX;1;0,000690469.jpg,1,4.0,data/pillbox_production_images_full_202008/000690469.jpg,7,1
6443,1879,43505,WHITE,ROUND,0555-0902,NALTREXONE HYDROCHLORIDE,C42931,00555-0902-02_D01B687B,b;50;902,00555-0902-02_D01B687B.jpg,1,3.0,data/pillbox_production_images_full_202008/00555-0902-02_D01B687B.jpg,10,10
6321,370,41738,WHITE,ROUND,0555-9047,ENPRESSE,C42897,00555904758PART2OF4,dp;511,00555904758part2of4.jpg,1,2.0,data/pillbox_production_images_full_202008/00555904758part2of4.jpg,10,10
6472,9558,18440,WHITE,ROUND,68084-155,PROMETHAZINE HYDROCHLORIDE,C42998,7BE4FD48-E084-09D4-E053-2991AA0A2DED,Z;C;0;2,7be4fd48-e084-09d4-e053-2991aa0a2ded.jpg,1,4.0,data/pillbox_production_images_full_202008/7be4fd48-e084-09d4-e053-2991aa0a2ded.jpg,10,10
3459,9788,50696,ORANGE,CAPSULE,54569-6228,VENLAFAXINE HYDROCHLORIDE,C42916,00093738656,93;7386;93;7386,00093738656.jpg,1,4.0,data/pillbox_production_images_full_202008/00093738656.jpg,1,5
3464,4921,18689,WHITE,CAPSULE,64679-945,ZONISAMIDE,C25158,64679-0945-01_8712C396,W945,64679-0945-01_8712C396.jpg,1,1.0,data/pillbox_production_images_full_202008/64679-0945-01_8712C396.jpg,1,10
5774,4512,36169,PINK,ROUND,43353-756,HYDRALAZINE HYDROCHLORIDE,C42931,433530756,HP;2,433530756.jpg,1,2.0,data/pillbox_production_images_full_202008/433530756.jpg,10,6
3550,7220,17006,PINK,TRIANGLE,0187-0143,VASOTEC,C42998,001870143,VASO;20,001870143.jpg,1,2.0,data/pillbox_production_images_full_202008/001870143.jpg,14,6
2818,869,67949,YELLOW,ROUND,55319-020,ANTACID FRUIT CHEWS,C42893,63B50327-C222-B0BA-E053-2991AA0A74DC,FC,63b50327-c222-b0ba-e053-2991aa0a74dc.jpg,1,1.0,data/pillbox_production_images_full_202008/63b50327-c222-b0ba-e053-2991aa0a74dc.jpg,10,11
233,3617,20899,WHITE,OVAL,0093-5964,GUANFACINE,C42927,00093-5964-01_NLMIMAGE10_D743EBAF,TEVA;5964,00093-5964-01_NLMIMAGE10_D743EBAF.jpg,1,2.0,data/pillbox_production_images_full_202008/00093-5964-01_NLMIMAGE10_D743EBAF.jpg,7,10
5964,6198,16742,GREEN,CAPSULE,60429-555,CHLORDIAZEPOXIDE HYDROCHLORIDE,C42936,604290555,S252;S,604290555.jpg,1,2.0,data/pillbox_production_images_full_202008/604290555.jpg,1,4
5265,8054,25774,YELLOW,OVAL,0430-0979,ATELVIA,C42905,004300979,EC;35,004300979.jpg,1,2.0,data/pillbox_production_images_full_202008/004300979.jpg,7,11
5076,9622,33302,WHITE,OVAL,0093-2267,AMOXICILLIN,C42893,00093226701,93;2267,00093226701.jpg,1,2.0,data/pillbox_production_images_full_202008/00093226701.jpg,7,10
7036,6475,33840,YELLOW,ROUND,64980-159,PROTRIPTYLINE HYDROCHLORIDE,C42931,649800159,7,649800159.jpg,1,1.0,data/pillbox_production_images_full_202008/649800159.jpg,10,11
169,6500,14703,ORANGE,OVAL,0378-1800,LEVOTHYROXINE SODIUM,C42998,00378-1800-01_6823B45D,M;L;4,00378-1800-01_6823B45D.jpg,1,3.0,data/pillbox_production_images_full_202008/00378-1800-01_6823B45D.jpg,7,5
6501,7687,47331,WHITE,OVAL,60429-230,TRAZODONE HYDROCHLORIDE,C42998,604290230,APO;T150;50;50;50,604290230.jpg,1,5.0,data/pillbox_production_images_full_202008/604290230.jpg,7,10
6248,895,52204,ORANGE,ROUND,49035-048,ASSORTED FRUIT ANTACID FLAVOR CHEWS,C42893,4171F820-6AF4-2998-E054-00144FF8D46C,,4171f820-6af4-2998-e054-00144ff8d46c.jpg,1,,data/pillbox_production_images_full_202008/4171f820-6af4-2998-e054-00144ff8d46c.jpg,10,5
1669,6589,4744,WHITE,OVAL,64980-112,BENZTROPINE MESYLATE,C42998,64980-0112-01_DC236E0B,cor;144,64980-0112-01_DC236E0B.jpg,1,2.0,data/pillbox_production_images_full_202008/64980-0112-01_DC236E0B.jpg,7,10
2570,5582,40164,GREEN,CAPSULE,63629-4027,CHLORDIAZEPOXIDE HYDROCHLORIDE,C25158,00555015904,barr;159,00555015904.jpg,2,2.0,data/pillbox_production_images_full_202008/00555015904.jpg,1,4
4347,8672,9427,WHITE,OVAL,0597-0101,MIRAPEX,C42998,005970101,BI;101,005970101.jpg,1,2.0,data/pillbox_production_images_full_202008/005970101.jpg,7,10
6859,8908,54542,WHITE,OVAL,66267-859,AMOXICILLIN AND CLAVULANATE POTASSIUM,C42931,00093227534,93;22;75,00093227534.jpg,1,3.0,data/pillbox_production_images_full_202008/00093227534.jpg,7,10
4168,398,23129,WHITE,ROUND,47682-101,MEDIQUE ALCALAK,C42893,476820101,AZ;036,476820101.jpg,1,2.0,data/pillbox_production_images_full_202008/476820101.jpg,10,10
1370,9239,67945,PINK,RECTANGLE,55319-016,CHERRY ANTACID SOFT CHEW,C42893,63A13391-507B-D284-E053-2991AA0AE212,,63a13391-507b-d284-e053-2991aa0ae212.jpg,1,,data/pillbox_production_images_full_202008/63a13391-507b-d284-e053-2991aa0ae212.jpg,9,6
7664,2424,46175,WHITE,CAPSULE,0093-5296,METHYLPHENIDATE HYDROCHLORIDE,C42916,00093-5296-01_NLMIMAGE10_40422071,93;5296;93;5296,00093-5296-01_NLMIMAGE10_40422071.jpg,2,4.0,data/pillbox_production_images_full_202008/00093-5296-01_NLMIMAGE10_40422071.jpg,1,10
4236,3800,34904,YELLOW,OVAL,0143-2260,ISOSORBIDE,C42930,001432260,WW;60,001432260.jpg,1,2.0,data/pillbox_production_images_full_202008/001432260.jpg,7,11
5707,3899,14596,ORANGE,CAPSULE,0378-8628,FENOFIBRATE,C25158,003788628,MYLAN;FE;67,003788628.jpg,2,3.0,data/pillbox_production_images_full_202008/003788628.jpg,1,5
1061,4089,12705,BLUE,ROUND,0591-0861,LISINOPRIL AND HYDROCHLOROTHIAZIDE,C42998,00591-0861-05_1C088E04,WATSON;861,00591-0861-05_1C088E04.jpg,1,2.0,data/pillbox_production_images_full_202008/00591-0861-05_1C088E04.jpg,10,1
6410,8326,6817,WHITE,ROUND,68084-948,EPLERENONE,C42998,864711ED-0F87-E66A-E053-2991AA0AB976,SZ;12,864711ed-0f87-e66a-e053-2991aa0ab976.jpg,1,2.0,data/pillbox_production_images_full_202008/864711ed-0f87-e66a-e053-2991aa0ab976.jpg,10,10
3975,1392,75109,GREEN,CAPSULE,71376-201,JORNAY PM,C25158,JORNAY_SPLIMAGE_20MG_V02,IRONSHORE;20mg,Jornay_SPLImage_20mg_v02.jpg,2,2.0,data/pillbox_production_images_full_202008/Jornay_SPLImage_20mg_v02.jpg,1,4
7592,3380,35094,YELLOW,CAPSULE,0781-2052,TERAZOSIN HYDROCHLORIDE,C25158,007812052,GG622,007812052.jpg,1,1.0,data/pillbox_production_images_full_202008/007812052.jpg,1,11
3169,5425,34549,WHITE,ROUND,0093-5852,ESCITALOPRAM,C42931,00093585201,5852;20,00093585201.jpg,1,2.0,data/pillbox_production_images_full_202008/00093585201.jpg,10,10
4584,3019,16869,WHITE,ROUND,49884-303,ZAFIRLUKAST,C42931,498840303,ACCOLATE10,498840303.jpg,1,1.0,data/pillbox_production_images_full_202008/498840303.jpg,10,10
835,7932,27122,BLUE,ROUND,0378-1190,GUANFACINE,C42998,003781190,M;G5,003781190.jpg,1,2.0,data/pillbox_production_images_full_202008/003781190.jpg,10,1
429,4627,51502,WHITE,ROUND,0360-0260,LYCOPODIUM CLAVATUM,C42998,NO_PRODUCT_IMAGE,,no_product_image.jpg,1,,data/pillbox_production_images_full_202008/no_product_image.jpg,10,10
2847,839,24348,RED,ROUND,24658-213,SIMVASTATIN,C42931,24658-0213-90_NLMIMAGE10_853342CA,RX792,24658-0213-90_NLMIMAGE10_853342CA.jpg,1,1.0,data/pillbox_production_images_full_202008/24658-0213-90_NLMIMAGE10_853342CA.jpg,10,8
6653,1644,5056,WHITE,ROUND,55806-021,METHAZOLAMIDE,C42998,558060021,EFF;21,558060021.jpg,1,2.0,data/pillbox_production_images_full_202008/558060021.jpg,10,10
866,203,39353,ORANGE,CAPSULE,63459-700,AMRIX,C42916,63459070060,15;mg;C;Cephalon,63459070060.jpg,1,4.0,data/pillbox_production_images_full_202008/63459070060.jpg,1,5
6854,1692,16107,WHITE,ROUND,50111-309,HYDROXYZINE HYDROCHLORIDE,C42931,50111-0309-01_8629434A,PA;309,50111-0309-01_8629434A.jpg,1,2.0,data/pillbox_production_images_full_202008/50111-0309-01_8629434A.jpg,10,10
1928,9697,6884,BROWN,ROUND,76282-206,CITALOPRAM HYDROBROMIDE,C42998,762820206,IG;206,762820206.jpg,1,2.0,data/pillbox_production_images_full_202008/762820206.jpg,10,2
5214,1610,37355,WHITE,OVAL,0781-5817,LOSARTAN POTASSIUM AND HYDROCHLOROTHIAZIDE,C42931,007815817,745,007815817.jpg,1,1.0,data/pillbox_production_images_full_202008/007815817.jpg,7,10
6626,9319,56449,WHITE,ROUND,63629-6472,ESCITALOPRAM,C42931,00093585201,5852;20,00093585201.jpg,1,2.0,data/pillbox_production_images_full_202008/00093585201.jpg,10,10
6611,3040,45142,YELLOW,ROUND,0603-3162,FOLIC ACID,C42998,006033162,3162;V,006033162.jpg,1,2.0,data/pillbox_production_images_full_202008/006033162.jpg,10,11
5103,9219,70353,WHITE,OVAL,71610-244,SUCRALFATE,C42998,00093221098,TEVA;22;10,00093221098.jpg,1,3.0,data/pillbox_production_images_full_202008/00093221098.jpg,7,10
7009,3577,39454,PINK,OVAL,66993-052,OLANZAPINE,C42998,669930052,7657,669930052.jpg,1,1.0,data/pillbox_production_images_full_202008/669930052.jpg,7,6
5246,201,82488,WHITE,ROUND,80143-001,FLUORIDE,C42893,AD566300-9570-213A-E053-2A95A90A9D49,,ad566300-9570-213a-e053-2a95a90a9d49.jpg,1,,data/pillbox_production_images_full_202008/ad566300-9570-213a-e053-2a95a90a9d49.jpg,10,10
3181,7918,45274,WHITE,OVAL,68084-802,GABAPENTIN,C42931,ZYD02050,ZE71,ZYD02050.jpg,1,1.0,data/pillbox_production_images_full_202008/ZYD02050.jpg,7,10
6995,6170,24900,BLUE,CAPSULE,0185-0171,SOTALOL HYDROCHLORIDE,C42998,001850171,E171,001850171.jpg,1,1.0,data/pillbox_production_images_full_202008/001850171.jpg,1,1
4587,6084,21272,WHITE,OVAL,0093-0154,TICLOPIDINE HYDROCHLORIDE,C42931,00093-0154-01_6F29B7BD,93;154,00093-0154-01_6F29B7BD.jpg,1,2.0,data/pillbox_production_images_full_202008/00093-0154-01_6F29B7BD.jpg,7,10
743,9068,69142,YELLOW,ROUND,71335-0963,CHLORPHENIRAMINE MALEATE 4 MG,C42998,31DF9D2E-4549-2DF2-E054-00144FF88E88,AP;016,31df9d2e-4549-2df2-e054-00144ff88e88.jpg,1,2.0,data/pillbox_production_images_full_202008/31df9d2e-4549-2df2-e054-00144ff88e88.jpg,10,11
786,3797,48436,PURPLE,ROUND,0078-0054,METHERGINE,C42897,00078-0054-05_E208F107,78;54;SANZOZ,00078-0054-05_E208F107.jpg,1,3.0,data/pillbox_production_images_full_202008/00078-0054-05_E208F107.jpg,10,7
763,2584,28827,ORANGE,CAPSULE,0115-0533,FENOFIBRATE,C25158,00115-0533-01_9405CA2E,G;0533,00115-0533-01_9405CA2E.jpg,1,2.0,data/pillbox_production_images_full_202008/00115-0533-01_9405CA2E.jpg,1,5
6787,3185,2394,ORANGE,ROUND,27241-002,RISPERIDONE,C42998,27241-0002-50_NLMIMAGE10_76433B39,RI1,27241-0002-50_NLMIMAGE10_76433B39.jpg,1,1.0,data/pillbox_production_images_full_202008/27241-0002-50_NLMIMAGE10_76433B39.jpg,10,5
3213,4772,68677,PINK,CAPSULE,71309-009,ALLERGY RELIEF,C42998,NO_PRODUCT_IMAGE,EL,no_product_image.jpg,1,1.0,data/pillbox_production_images_full_202008/no_product_image.jpg,1,6
1544,6224,10076,WHITE,ROUND,0173-0778,LAMICTAL,C42999,00173-0778-61_341E1A40,LAMICTAL;100,00173-0778-61_341E1A40.jpg,1,2.0,data/pillbox_production_images_full_202008/00173-0778-61_341E1A40.jpg,10,10
1729,184,39269,RED,CAPSULE,0078-0326,EXELON,C25158,000780326,Exelon;6;mg,000780326.jpg,1,3.0,data/pillbox_production_images_full_202008/000780326.jpg,1,8
3680,2469,47624,BLUE,ROUND,51672-4133,LAMOTRIGINE,C42998,516724133,TARO;LMT;200,516724133.jpg,1,3.0,data/pillbox_production_images_full_202008/516724133.jpg,10,1
1559,9634,17238,WHITE,ROUND,16252-523,ACARBOSE,C42998,162520523,AR,162520523.jpg,1,1.0,data/pillbox_production_images_full_202008/162520523.jpg,10,10
2436,1827,2170,BLUE,CAPSULE,57664-424,PAROXETINE,C42998,576640424,424;C,576640424.jpg,1,2.0,data/pillbox_production_images_full_202008/576640424.jpg,1,1
4845,9732,82102,GREEN,ROUND,60687-555,CLONAZEPAM,C42998,1_MG_CLONAZEPAM_TABLET,833;TEVA,1_mg_Clonazepam_Tablet.jpg,1,2.0,data/pillbox_production_images_full_202008/1_mg_Clonazepam_Tablet.jpg,10,4
5893,1198,46248,WHITE,ROUND,59746-247,LAMOTRIGINE,C42998,597460247,J;247,597460247.jpg,1,2.0,data/pillbox_production_images_full_202008/597460247.jpg,10,10
927,2346,31064,WHITE,ROUND,0054-0017,PREDNISONE,C42998,00054-0017-25_F7217BFB,54;899,00054-0017-25_F7217BFB.jpg,1,2.0,data/pillbox_production_images_full_202008/00054-0017-25_F7217BFB.jpg,10,10
6101,635,44692,BROWN,OVAL,65862-620,QUINAPRIL,C42931,65862-0620-90_NLMIMAGE10_9E4B4F5A,D;17,65862-0620-90_NLMIMAGE10_9E4B4F5A.jpg,1,2.0,data/pillbox_production_images_full_202008/65862-0620-90_NLMIMAGE10_9E4B4F5A.jpg,7,2
5601,9709,43032,WHITE,ROUND,0078-0366,FAMVIR,C42931,000780366,FAMVIR;125,000780366.jpg,1,2.0,data/pillbox_production_images_full_202008/000780366.jpg,10,10
4800,4691,15317,BLUE,CAPSULE,0378-6896,AMLODIPINE AND BENAZEPRIL HYDROCHLORIDE,C25158,003786896,MYLAN;6896,003786896.jpg,1,2.0,data/pillbox_production_images_full_202008/003786896.jpg,1,1
4872,5210,32831,RED,ROUND,68084-271,RISPERIDONE,C42931,7D4C0CB0-8D66-72B1-E053-2A91AA0A6BBA,Z;6,7d4c0cb0-8d66-72b1-e053-2a91aa0a6bba.jpg,1,2.0,data/pillbox_production_images_full_202008/7d4c0cb0-8d66-72b1-e053-2a91aa0a6bba.jpg,10,8
2531,5150,74462,BROWN,CAPSULE,50090-4325,AMOXICILLIN,C25158,00093310953,TEVA;3109,00093310953.jpg,1,2.0,data/pillbox_production_images_full_202008/00093310953.jpg,1,2
3859,3588,16775,ORANGE,ROUND,0093-0318,DILTIAZEM HYDROCHLORIDE,C42931,00093-0318-01_462B2319,93;318,00093-0318-01_462B2319.jpg,1,2.0,data/pillbox_production_images_full_202008/00093-0318-01_462B2319.jpg,10,5
4490,2995,17648,BLUE,CAPSULE,0527-1383,CLINDAMYCIN HYDROCHLORIDE,C25158,005271383,Lannett;1383,005271383.jpg,1,2.0,data/pillbox_production_images_full_202008/005271383.jpg,1,1
1945,9172,62480,GREEN,OVAL,71335-0201,ESTRADIOL,C42998,00555088702,887;2;b,00555088702.jpg,1,3.0,data/pillbox_production_images_full_202008/00555088702.jpg,7,4
7448,758,7125,PINK,OVAL,60505-0207,LISINOPRIL AND HYDROCHLOROTHIAZIDE,C42998,605050207,APO;20;25,605050207.jpg,1,3.0,data/pillbox_production_images_full_202008/605050207.jpg,7,6
5649,14,8052,WHITE,ROUND,0574-0113,CALCIUM ACETATE,C42998,005740113,P113,005740113.jpg,1,1.0,data/pillbox_production_images_full_202008/005740113.jpg,10,10
6537,564,31127,ORANGE,ROUND,59762-3740,MEDROXYPROGESTERONE ACETATE,C42998,597623740,G3740,597623740.jpg,1,1.0,data/pillbox_production_images_full_202008/597623740.jpg,10,5
1706,8029,42331,WHITE,ROUND,16252-592,SUMATRIPTAN,C42998,162520592,SA;100,162520592.jpg,1,2.0,data/pillbox_production_images_full_202008/162520592.jpg,10,10
5220,2943,41460,WHITE,OVAL,68682-101,PENTOXIFYLLINE,C42927,686820101,BVF;0117,686820101.jpg,1,2.0,data/pillbox_production_images_full_202008/686820101.jpg,7,10
4886,1303,44229,ORANGE,OVAL,0536-3756,NON-HABIT FORMING STOOL SOFTENER,C42954,005363756,P51,005363756.jpg,1,1.0,data/pillbox_production_images_full_202008/005363756.jpg,7,5
7642,5108,34843,WHITE,ROUND,0172-4096,BACLOFEN,C42998,00172409660,4096;TV,00172409660.jpg,1,2.0,data/pillbox_production_images_full_202008/00172409660.jpg,10,10
641,3482,13272,WHITE,OVAL,31722-338,NAPROXEN,C42998,317220338,I;1,317220338.jpg,1,2.0,data/pillbox_production_images_full_202008/317220338.jpg,7,10
1671,160,45532,BLUE,ROUND,60505-3670,PAXIL,C42930,605053670,GSK;37;5,605053670.jpg,1,3.0,data/pillbox_production_images_full_202008/605053670.jpg,10,1
5641,8423,29350,WHITE,ROUND,0378-1012,LISINOPRIL AND HYDROCHLOROTHIAZIDE,C42998,003781012,LH1;M,003781012.jpg,1,2.0,data/pillbox_production_images_full_202008/003781012.jpg,10,10
7525,9580,30201,WHITE,ROUND,43353-340,METFORMIN HYDROCHLORIDE,C42931,433530340,GP124,433530340.jpg,1,1.0,data/pillbox_production_images_full_202008/433530340.jpg,10,10
4245,3170,22905,WHITE,ROUND,0591-2232,TAMOXIFEN CITRATE,C42998,005912232,2232;WPI,005912232.jpg,1,2.0,data/pillbox_production_images_full_202008/005912232.jpg,10,10
1322,418,43190,BLUE,OVAL,63304-591,AMLODIPINE BESYLATE AND ATORVASTATIN CALCIUM,C42931,633040591,AAT;102,633040591.jpg,1,2.0,data/pillbox_production_images_full_202008/633040591.jpg,7,1
1894,7957,45101,ORANGE,ROUND,31722-519,HYDRALAZINE HYDROCHLORIDE,C42998,31722-0519-01_8C07C65E,H;38,31722-0519-01_8C07C65E.jpg,1,2.0,data/pillbox_production_images_full_202008/31722-0519-01_8C07C65E.jpg,10,5
4313,8996,20595,WHITE,OVAL,0074-3063,CARDIZEM LA,C42927,000743063,B;300;mg,000743063.jpg,1,3.0,data/pillbox_production_images_full_202008/000743063.jpg,7,10
408,6747,20898,WHITE,OVAL,54868-5068,TOPROL,C42927,548685068,A;my,548685068.jpg,1,2.0,data/pillbox_production_images_full_202008/548685068.jpg,7,10
5671,1300,26068,ORANGE,ROUND,0555-0767,ADDERALL,C42998,00555-0767-02_NLMIMAGE10_814240B2,2;0;dp,00555-0767-02_NLMIMAGE10_814240B2.jpg,1,3.0,data/pillbox_production_images_full_202008/00555-0767-02_NLMIMAGE10_814240B2.jpg,10,5
6527,6038,17810,WHITE,OVAL,60429-734,PAROXETINE,C42931,604290734,APO;097,604290734.jpg,1,2.0,data/pillbox_production_images_full_202008/604290734.jpg,7,10
3915,689,42733,PINK,ROUND,60505-2880,RANITIDINE,C42931,605052880,APO;RAN;150,605052880.jpg,1,3.0,data/pillbox_production_images_full_202008/605052880.jpg,10,6
3443,8481,14408,GREEN,CAPSULE,51079-190,INDOMETHACIN,C25158,510790190,MYLAN;143,510790190.jpg,1,2.0,data/pillbox_production_images_full_202008/510790190.jpg,1,4
2110,8952,51405,WHITE,ROUND,0360-0005,ACONITUM,C42998,NO_PRODUCT_IMAGE,,no_product_image.jpg,1,,data/pillbox_production_images_full_202008/no_product_image.jpg,10,10
2031,792,8514,YELLOW,ROUND,64376-507,SALSALATE,C42931,643760507,BP;507,643760507.jpg,1,2.0,data/pillbox_production_images_full_202008/643760507.jpg,10,11
1905,7393,23305,WHITE,CAPSULE,60505-3849,CELECOXIB,C25158,60505-3849-05_NLMIMAGE10_7F4ABFE5,APO;C200,60505-3849-05_NLMIMAGE10_7F4ABFE5.jpg,1,2.0,data/pillbox_production_images_full_202008/60505-3849-05_NLMIMAGE10_7F4ABFE5.jpg,1,10
737,9744,28228,WHITE,ROUND,0904-6188,AMLODIPINE BESYLATE,C42998,009046188,IP;6,009046188.jpg,1,2.0,data/pillbox_production_images_full_202008/009046188.jpg,10,10
5605,9130,5573,WHITE,OVAL,69189-0188,LAMOTRIGINE,C42893,00093013201,93;132,00093013201.jpg,1,2.0,data/pillbox_production_images_full_202008/00093013201.jpg,7,10
6671,3190,36733,PURPLE,CAPSULE,0378-5150,NIZATIDINE,C25158,003785150,MYLAN;5150,003785150.jpg,2,2.0,data/pillbox_production_images_full_202008/003785150.jpg,1,7
5329,8234,33267,WHITE,CAPSULE,60505-3137,QUETIAPINE FUMARATE,C42931,605053137,APO;QUE300,605053137.jpg,1,2.0,data/pillbox_production_images_full_202008/605053137.jpg,1,10
2405,6627,16189,BLUE,ROUND,68084-157,MORPHINE SULFATE,C42930,WTS35110,ABG;15,WTS35110.jpg,1,2.0,data/pillbox_production_images_full_202008/WTS35110.jpg,10,1
5686,516,34902,YELLOW,ROUND,0310-0210,ZOMIG,C42998,003100210,ZOMIG;25,003100210.jpg,1,2.0,data/pillbox_production_images_full_202008/003100210.jpg,10,11
6450,6588,18754,PINK,OVAL,0074-3287,TARKA,C42930,000743287,182,000743287.jpg,1,1.0,data/pillbox_production_images_full_202008/000743287.jpg,7,6
4961,4063,45537,ORANGE,OVAL,0904-6142,DOXAZOSIN MESYLATE,C42998,009046142,4mg;MLP18,009046142.jpg,1,2.0,data/pillbox_production_images_full_202008/009046142.jpg,7,5
3901,8493,27580,WHITE,CAPSULE,67544-534,LITHIUM CARBONATE,C42936,675440534,54;463,675440534.jpg,1,2.0,data/pillbox_production_images_full_202008/675440534.jpg,1,10
6552,1854,22426,PURPLE,OVAL,0074-6215,DEPAKOTE,C42905,00074-6215-13_00210038,a;NS,00074-6215-13_00210038.jpg,1,2.0,data/pillbox_production_images_full_202008/00074-6215-13_00210038.jpg,7,7
7422,3043,25649,WHITE,CAPSULE,62175-129,ISOSORBIDE MONONITRATE,C42927,62175-0129-37_79083CD1,KU;129;,62175-0129-37_79083CD1.jpg,1,3.0,data/pillbox_production_images_full_202008/62175-0129-37_79083CD1.jpg,1,10
1623,85,4227,YELLOW,ROUND,0228-2717,DICLOFENAC SODIUM,C42930,00228-2717-11_56232B19,R;717,00228-2717-11_56232B19.jpg,1,2.0,data/pillbox_production_images_full_202008/00228-2717-11_56232B19.jpg,10,11
6759,2907,33639,BLUE,ROUND,0074-3727,SYNTHROID,C42998,00074-3727-90_9F1D4FFA,SYNTHROID;137,00074-3727-90_9F1D4FFA.jpg,1,2.0,data/pillbox_production_images_full_202008/00074-3727-90_9F1D4FFA.jpg,10,1
3942,9126,28593,WHITE,ROUND,60429-027,ATENOLOL,C42998,604290027,M;A2,604290027.jpg,1,2.0,data/pillbox_production_images_full_202008/604290027.jpg,10,10
1017,6448,22569,WHITE,OVAL,0093-8244,LINEZOLID,C42931,00093-8244-34_NLMIMAGE10_FC43FE6F,LZD;600,00093-8244-34_NLMIMAGE10_FC43FE6F.jpg,1,2.0,data/pillbox_production_images_full_202008/00093-8244-34_NLMIMAGE10_FC43FE6F.jpg,7,10
2663,3297,36455,ORANGE,CAPSULE,0172-2416,TETRACYCLINE HYDROCHLORIDE,C25158,00172-2416-80_A00ED066,Z;2416,00172-2416-80_A00ED066.jpg,2,2.0,data/pillbox_production_images_full_202008/00172-2416-80_A00ED066.jpg,1,5
2087,4536,2925,GREEN,ROUND,0378-0197,CHLORPROPAMIDE,C42998,003780197,MYLAN;197;100,003780197.jpg,1,3.0,data/pillbox_production_images_full_202008/003780197.jpg,10,4
3340,5369,31164,GREEN,OVAL,0143-9582,SERTRALINE HYDROCHLORIDE,C42931,001439582,5;8;W,001439582.jpg,1,3.0,data/pillbox_production_images_full_202008/001439582.jpg,7,4
5223,1715,37689,YELLOW,OVAL,13668-116,LOSARTAN POTASSIUM AND HYDROCHLOROTHIAZIDE,C42998,13668-0116-30_NLMIMAGE10_08468454,116,13668-0116-30_NLMIMAGE10_08468454.jpg,1,1.0,data/pillbox_production_images_full_202008/13668-0116-30_NLMIMAGE10_08468454.jpg,7,11
2447,3413,3670,WHITE,ROUND,0904-1988,EXTRA STRENGTH MAPAP,C42998,009041988,GPI;A5,009041988.jpg,1,2.0,data/pillbox_production_images_full_202008/009041988.jpg,10,10
3286,4488,38692,YELLOW,OVAL,68084-436,ISOSORBIDE MONONITRATE,C42930,680840436,WW;60,680840436.jpg,1,2.0,data/pillbox_production_images_full_202008/680840436.jpg,7,11
239,8676,44737,WHITE,ROUND,43353-865,LISINOPRIL AND HYDROCHLOROTHIAZIDE,C42998,433530865,E;152,433530865.jpg,1,2.0,data/pillbox_production_images_full_202008/433530865.jpg,10,10
465,1650,8759,WHITE,OVAL,68682-705,DILTIAZEM HYDROCHLORIDE,C42927,686820705,B;180;mg,686820705.jpg,1,3.0,data/pillbox_production_images_full_202008/686820705.jpg,7,10
2404,2800,30191,WHITE,ROUND,0009-7663,AROMASIN,C42998,00009-7663-04_FD12FEA7,7663,00009-7663-04_FD12FEA7.jpg,1,1.0,data/pillbox_production_images_full_202008/00009-7663-04_FD12FEA7.jpg,10,10
6393,3202,14881,PINK,ROUND,0006-0275,SINGULAIR,C42893,000060275,MRK;275;SINGULAIR,000060275.jpg,1,3.0,data/pillbox_production_images_full_202008/000060275.jpg,10,6
5589,2024,46791,YELLOW,OVAL,67253-901,ALPRAZOLAM,C42998,672530901,S901,672530901.jpg,1,1.0,data/pillbox_production_images_full_202008/672530901.jpg,7,11
3091,7414,17832,BROWN,OVAL,60429-061,OXCARBAZEPINE,C42931,604290061,B292,604290061.jpg,1,1.0,data/pillbox_production_images_full_202008/604290061.jpg,7,2
2629,5018,34416,PINK,ROUND,0173-0722,WELLBUTRIN,C42931,00173-0722-00-SPLIMAGE30-F918FCF7,WELLBUTRIN;SR;200,00173-0722-00-splimage30-f918fcf7.jpg,1,3.0,data/pillbox_production_images_full_202008/00173-0722-00-splimage30-f918fcf7.jpg,10,6
1746,766,23346,YELLOW,ROUND,0093-5276,DEXMETHYLPHENIDATE HYDROCHLORIDE,C42998,00093-5276-01_NLMIMAGE10_F141F88F,93;5276,00093-5276-01_NLMIMAGE10_F141F88F.jpg,1,2.0,data/pillbox_production_images_full_202008/00093-5276-01_NLMIMAGE10_F141F88F.jpg,10,11
1320,1904,32017,BROWN,ROUND,0781-1439,FLUPHENAZINE HYDROCHLORIDE,C42931,007811439,GG490,007811439.jpg,1,1.0,data/pillbox_production_images_full_202008/007811439.jpg,10,2
1374,8400,29154,YELLOW,OVAL,0049-2140,ANTIVERT,C42998,000492140,Antivert;214,000492140.jpg,2,2.0,data/pillbox_production_images_full_202008/000492140.jpg,7,11
4938,7375,23518,YELLOW,CAPSULE,60429-028,BENZONATATE,C25158,604290028,ASC;106,604290028.jpg,1,2.0,data/pillbox_production_images_full_202008/604290028.jpg,1,11
1430,2035,16179,GREEN,ROUND,0378-0055,TIMOLOL MALEATE,C42998,003780055,M;55,003780055.jpg,1,2.0,data/pillbox_production_images_full_202008/003780055.jpg,10,4
177,3104,24912,ORANGE,ROUND,0378-6173,METOLAZONE,C42998,003786173,M;173,003786173.jpg,1,2.0,data/pillbox_production_images_full_202008/003786173.jpg,10,5
3982,7262,3592,WHITE,OVAL,60505-2655,TRAZODONE HYDROCHLORIDE,C42998,605052655,APO;T150;50;50;50,605052655.jpg,1,5.0,data/pillbox_production_images_full_202008/605052655.jpg,7,10
3647,2408,51947,PINK,ROUND,52642-230,TROPICAL PANNED,C42893,2BD3C6DC-A9D5-04B4-E054-00144FF88E88,AS,2bd3c6dc-a9d5-04b4-e054-00144ff88e88.jpg,1,1.0,data/pillbox_production_images_full_202008/2bd3c6dc-a9d5-04b4-e054-00144ff88e88.jpg,10,6
3570,9477,53677,WHITE,OVAL,60429-588,TRAMADOL HYDROCHLORIDE,C42931,00093005801,TV;58,00093005801.jpg,1,2.0,data/pillbox_production_images_full_202008/00093005801.jpg,7,10
332,9250,31649,WHITE,ROUND,68151-4249,LAMOTRIGINE,C42893,00093068801,93;688,00093068801.jpg,1,2.0,data/pillbox_production_images_full_202008/00093068801.jpg,10,10
742,570,29432,ORANGE,ROUND,0555-9012,NORTREL 7/7/7,C42998,00555-9012-58_NLMIMAGE10_7F2FBFBD,b;943,00555-9012-58_NLMIMAGE10_7F2FBFBD.jpg,1,2.0,data/pillbox_production_images_full_202008/00555-9012-58_NLMIMAGE10_7F2FBFBD.jpg,10,5
6608,7362,39944,BLUE,ROUND,68084-094,CARBIDOPA AND LEVODOPA,C42998,82BB91A1-F209-1F22-E053-2991AA0A27AA,R;540,82bb91a1-f209-1f22-e053-2991aa0a27aa.jpg,1,2.0,data/pillbox_production_images_full_202008/82bb91a1-f209-1f22-e053-2991aa0a27aa.jpg,10,1
3412,6183,3189,WHITE,OVAL,31722-339,NAPROXEN,C42998,317220339,I;11,317220339.jpg,1,2.0,data/pillbox_production_images_full_202008/317220339.jpg,7,10
1850,8121,67953,YELLOW,ROUND,68071-4254,ASPIRIN 81 MG ENTERIC COATED,C42998,2C7725FE-0F1A-4993-E054-00144FF8D46C,AP;121,2c7725fe-0f1a-4993-e054-00144ff8d46c.jpg,1,2.0,data/pillbox_production_images_full_202008/2c7725fe-0f1a-4993-e054-00144ff8d46c.jpg,10,11
2310,5167,27913,ORANGE,OVAL,0093-7238,IRBESARTAN AND HYDROCHLOROTHIAZIDE,C42998,00093-7238-98_731DB9BD,TEVA;7238,00093-7238-98_731DB9BD.jpg,1,2.0,data/pillbox_production_images_full_202008/00093-7238-98_731DB9BD.jpg,7,5
6989,7660,26299,ORANGE,OVAL,59762-3720,ALPRAZOLAM,C42998,597623720,G3720,597623720.jpg,1,1.0,data/pillbox_production_images_full_202008/597623720.jpg,7,5
2317,4849,8471,WHITE,OVAL,63629-1386,METRONIDAZOLE,C42998,50111033401,PLIVA;334,50111033401.jpg,1,2.0,data/pillbox_production_images_full_202008/50111033401.jpg,7,10
328,6943,42227,YELLOW,ROUND,60505-0165,FLUVOXAMINE MALEATE,C42998,605050165,APO;F50,605050165.jpg,1,2.0,data/pillbox_production_images_full_202008/605050165.jpg,10,11
1793,8215,24121,RED,CAPSULE,13668-083,LEVOFLOXACIN,C42998,136680083,83,136680083.jpg,1,1.0,data/pillbox_production_images_full_202008/136680083.jpg,1,8
1034,2007,25124,YELLOW,CAPSULE,0228-2780,PROPRANOLOL HYDROCHLORIDE,C42916,002282780,R;2780,002282780.jpg,2,2.0,data/pillbox_production_images_full_202008/002282780.jpg,1,11
1483,3664,23316,BLUE,OVAL,75987-010,DUEXIS,C42897,75987-0010-03_NLMIMAGE10_B439DA0E,HZT,75987-0010-03_NLMIMAGE10_B439DA0E.jpg,1,1.0,data/pillbox_production_images_full_202008/75987-0010-03_NLMIMAGE10_B439DA0E.jpg,7,1
3290,105,44654,WHITE,ROUND,0115-7033,FLUDROCORTISONE ACETATE,C42998,001157033,7033,001157033.jpg,1,1.0,data/pillbox_production_images_full_202008/001157033.jpg,10,10
6670,5300,38523,WHITE,ROUND,43353-799,CLONAZEPAM,C42998,433530799,2532;V,433530799.jpg,1,2.0,data/pillbox_production_images_full_202008/433530799.jpg,10,10
2887,1068,38959,WHITE,OVAL,55566-2100,LYSTEDA,C42998,555662100,XP650,555662100.jpg,1,1.0,data/pillbox_production_images_full_202008/555662100.jpg,7,10
2208,1768,35001,YELLOW,CAPSULE,43353-829,OMEPRAZOLE,C42902,433530829,KU;136,433530829.jpg,2,2.0,data/pillbox_production_images_full_202008/433530829.jpg,1,11
3955,8968,25353,WHITE,ROUND,76413-130,YASMIN,C42931,50419-0402-01_SPLIMAGE30_BB195DEA,,50419-0402-01_SPLIMAGE30_BB195DEA.jpg,1,,data/pillbox_production_images_full_202008/50419-0402-01_SPLIMAGE30_BB195DEA.jpg,10,10
4275,4633,29864,WHITE,OVAL,0228-3640,ROPINIROLE,C42930,002283640,640,002283640.jpg,1,1.0,data/pillbox_production_images_full_202008/002283640.jpg,7,10
7706,2222,39313,YELLOW,OVAL,13668-070,VALSARTAN,C42998,13668-0070-90_NLMIMAGE10_EE47772B,1070,13668-0070-90_NLMIMAGE10_EE47772B.jpg,1,1.0,data/pillbox_production_images_full_202008/13668-0070-90_NLMIMAGE10_EE47772B.jpg,7,11
3033,3472,18895,WHITE,OVAL,60505-0027,TICLOPIDINE HYDROCHLORIDE,C42931,605050027,APO;027,605050027.jpg,1,2.0,data/pillbox_production_images_full_202008/605050027.jpg,7,10
1400,1938,20042,GREEN,OVAL,0093-7364,LOSARTAN POTASSIUM,C42931,00093-7364-98_28089404,93;7364,00093-7364-98_28089404.jpg,1,2.0,data/pillbox_production_images_full_202008/00093-7364-98_28089404.jpg,7,4
4925,3802,27380,YELLOW,CAPSULE,0310-0283,SEROQUEL,C42927,003100283,XR;300,003100283.jpg,1,2.0,data/pillbox_production_images_full_202008/003100283.jpg,1,11
3786,7873,74162,RED,ROUND,50090-2481,APRI,C42931,00555904358PART1OF2,dp;575,00555904358part1of2.jpg,1,2.0,data/pillbox_production_images_full_202008/00555904358part1of2.jpg,10,8
1782,4135,36825,YELLOW,OVAL,45963-569,PANTOPRAZOLE SODIUM,C42905,459630569,20,459630569.jpg,1,1.0,data/pillbox_production_images_full_202008/459630569.jpg,7,11
1103,5124,17379,ORANGE,ROUND,57664-600,ISOSORBIDE DINITRATE,C42927,576640600,IL;3613,576640600.jpg,1,2.0,data/pillbox_production_images_full_202008/576640600.jpg,10,5
2867,8133,35356,WHITE,TRIANGLE,29300-112,LAMOTRIGINE,C42998,29300-0112-10_NLMIMAGE10_433E21F1,U;U;112,29300-0112-10_NLMIMAGE10_433E21F1.jpg,1,3.0,data/pillbox_production_images_full_202008/29300-0112-10_NLMIMAGE10_433E21F1.jpg,14,10
1862,5555,27068,WHITE,OVAL,68682-709,DILTIAZEM HYDROCHLORIDE,C42927,686820709,B;420;mg,686820709.jpg,1,3.0,data/pillbox_production_images_full_202008/686820709.jpg,7,10
5382,3755,15936,BLUE,CAPSULE,0187-0797,CARDIZEM CD,C42917,001870797,cardizem;CD;240;mg,001870797.jpg,1,4.0,data/pillbox_production_images_full_202008/001870797.jpg,1,1
5458,7211,6665,WHITE,ROUND,0591-5321,PRIMIDONE,C42998,00591-5321-01_200E1060,DAN;DAN;5321,00591-5321-01_200E1060.jpg,1,3.0,data/pillbox_production_images_full_202008/00591-5321-01_200E1060.jpg,10,10
1511,2451,28843,WHITE,CAPSULE,68382-183,BUSPIRONE HYDROCHLORIDE,C42998,68382-0183-14_NLMIMAGE10_9545CAEE,10;ZE;39,68382-0183-14_NLMIMAGE10_9545CAEE.jpg,1,3.0,data/pillbox_production_images_full_202008/68382-0183-14_NLMIMAGE10_9545CAEE.jpg,1,10
